Time,torget_pm10_nilu,torget_pm10_iot,torget_opctemp_iot,torget_opchum_iot,air_temperature,relative_humidity,precipitation,air_pressure,wind_speed,wind_direction
2022-03-11 13:00:00,30.72321,17.3,8.1,41,8.1,41,0,1006.4,3,62
2022-03-11 14:00:00,33.332234,15.9,9.8,32,9.8,32,0,1006.2,1.8,203
2022-03-11 15:00:00,34.746515,15.4,9.6,32,9.6,32,0,1006,2.4,162
2022-03-11 16:00:00,33.670304,15.7,9.2,34,9.2,34,0,1005.7,2.9,181
2022-03-11 17:00:00,30.910463,17.7,6.8,44,6.8,44,0,1005.5,2.2,87
2022-03-11 18:00:00,29.160564,21,6.2,44,6.2,44,0,1005.3,2.3,111
2022-03-11 19:00:00,43.097755,28.8,4.7,48,4.7,48,0,1005.3,2.4,89
2022-03-11 20:00:00,34.125139,28.1,4.3,47,4.3,47,0,1005,1.7,93
2022-03-11 21:00:00,41.11912,30.2,4.3,47,4.3,47,0,1004.8,1.5,123
2022-03-11 22:00:00,41.90642,27.3,3.9,46,3.9,46,0,1004.8,2.6,99
2022-03-11 23:00:00,32.477776,23.6,3.8,44,3.8,44,0,1004.5,1.2,166
2022-03-12 00:00:00,35.733527,24.5,1.7,50,1.7,50,0,1004.2,0.5,31
2022-03-12 01:00:00,34.850286,22.4,3.3,42,3.3,42,0,1004,0.9,228
2022-03-12 02:00:00,25.845793,23.9,0.7,52,0.7,52,0,1004.2,0.7,204
2022-03-12 03:00:00,18.936812,21.4,2.2,44,2.2,44,0,1003.5,1,107
2022-03-12 04:00:00,27.807459,20.9,1.4,43,1.4,43,0,1003.1,0.6,45
2022-03-12 05:00:00,19.981781,21,1.2,42,1.2,42,0,1003.2,1.1,247
2022-03-12 06:00:00,19.27617,21.9,1.4,41,1.4,41,0,1003,0.8,232
2022-03-12 07:00:00,12.05446,20.7,3.8,31,3.8,31,0,1003,1.8,188
2022-03-12 08:00:00,16.204187,20.4,3.7,31,3.7,31,0,1003,1.8,77
2022-03-12 09:00:00,23.049461,20.5,6.3,23,6.3,23,0,1002.9,6.6,180
2022-03-12 10:00:00,18.790324,20,7.1,23,7.1,23,0,1003.4,5.2,170
2022-03-12 11:00:00,27.279743,20.4,8.1,21,8.1,21,0,1003.3,2.9,183
2022-03-12 12:00:00,25.674555,22.3,8,24,8,24,0,1003,1.6,108
2022-03-12 13:00:00,30.027073,22.9,9.4,22,9.4,22,0,1002.9,2.9,189
2022-03-12 14:00:00,76.003916,22.5,10.1,22,10.1,22,0,1002.4,2.8,205
2022-03-12 15:00:00,32.752062,21.3,10.6,21,10.6,21,0,1002.2,2.4,200
2022-03-12 16:00:00,32.898316,21.9,11.3,21,11.3,21,0,1002.1,4,170
2022-03-12 17:00:00,35.112266,22.1,10.6,22,10.6,22,0,1002,5,168
2022-03-12 18:00:00,14.533151,22.5,9.4,23,9.4,23,0,1002.2,5,179
2022-03-12 19:00:00,23.746125,20.8,8.3,25,8.3,25,0,1001.8,5.6,167
2022-03-12 20:00:00,18.954211,20.9,7.8,26,7.8,26,0,1002.3,6.7,169
2022-03-12 21:00:00,27.558779,21,7.8,25,7.8,25,0,1002.3,6.2,174
2022-03-12 22:00:00,14.297319,20,7,27,7,27,0,1002.4,4.8,181
2022-03-12 23:00:00,19.720327,19.9,6.3,28,6.3,28,0,1002.4,4.3,186
2022-03-13 00:00:00,24.565195,20,5.8,29,5.8,29,0,1002.3,5.9,195
2022-03-13 01:00:00,14.408777,21,5.1,32,5.1,32,0,1003.3,6.9,214
2022-03-13 02:00:00,15.05741,21.1,4.9,35,4.9,35,0,1003.6,4.7,205
2022-03-13 03:00:00,16.936256,20.7,4.9,36,4.9,36,0,1003.5,6.3,187
2022-03-13 04:00:00,13.621158,21.5,4.5,39,4.5,39,0,1004.3,2.9,201
2022-03-13 05:00:00,14.956467,20.7,3.4,43,3.4,43,0,1004.5,0.9,309
2022-03-13 06:00:00,11.685838,20.3,1.8,51,1.8,51,0,1005.1,0.8,131
2022-03-13 07:00:00,18.573683,20.3,1.6,52,1.6,52,0,1005.3,1.3,137
2022-03-13 08:00:00,15.270235,21.3,0.8,57,0.8,57,0,1005.9,0.4,149
2022-03-13 09:00:00,21.345516,21.5,3.1,48,3.1,48,0,1006.3,0.6,156
2022-03-13 10:00:00,28.634351,21.3,4.7,47,4.7,47,0,1006.2,1.4,74
2022-03-13 11:00:00,23.921224,22.7,5.3,45,5.3,45,0,1006.2,1.9,76
2022-03-13 12:00:00,34.460831,21.4,6.5,44,6.5,44,0,1005.8,2,32
2022-03-13 13:00:00,22.874759,20.4,6.8,50,6.8,50,0,1005.4,0.6,303
2022-03-13 14:00:00,24.741614,21.8,8.7,42,8.7,42,0,1005,4.4,171
2022-03-13 15:00:00,20.65991,23.9,8.4,38,8.4,38,0,1004.6,4.3,182
2022-03-13 16:00:00,26.169364,23.1,8.4,34,8.4,34,0,1004.3,6,179
2022-03-13 17:00:00,23.87574,22.1,8.7,31,8.7,31,0,1004.2,4.8,175
2022-03-13 18:00:00,17.579304,21.3,8.1,30,8.1,30,0,1004.3,3.7,188
2022-03-13 19:00:00,18.338234,20.2,7.8,29,7.8,29,0,1004.4,3.1,194
2022-03-13 20:00:00,18.894703,21.8,7.6,29,7.6,29,0,1004.6,4.6,172
2022-03-13 21:00:00,23.539557,21.5,7.5,29,7.5,29,0,1004.8,3.8,195
2022-03-13 22:00:00,19.529706,20.1,7.6,28,7.6,28,0,1004.8,5.8,181
2022-03-13 23:00:00,19.445089,19.1,7.2,29,7.2,29,0,1005,7.6,176
2022-03-14 00:00:00,22.900283,21.2,7,29,7,29,0,1005.3,7.9,181
2022-03-14 01:00:00,12.195835,17.7,6.8,30,6.8,30,0,1005.6,5,199
2022-03-14 02:00:00,8.418561,19.2,6.4,31,6.4,31,0,1006.1,4,191
2022-03-14 03:00:00,19.770457,18.2,6.4,29,6.4,29,0,1006.3,2.8,181
2022-03-14 04:00:00,31.578585,18.5,5.5,32,5.5,32,0,1006.7,2.1,217
2022-03-14 05:00:00,31.754671,15.6,5.8,30,5.8,30,0,1006.5,2.1,164
2022-03-14 06:00:00,36.18328,19.6,5,32,5,32,0,1006.6,1,139
2022-03-14 07:00:00,81.204225,25.8,3.3,39,3.3,39,0,1006.1,1.8,98
2022-03-14 08:00:00,192.763958,33.8,3.2,41,3.2,41,0,1006.1,1,201
2022-03-14 09:00:00,221.133861,21.3,7.1,29,7.1,29,0,1005.8,2.5,203
2022-03-14 10:00:00,125.270789,19.1,7.1,34,7.1,34,0,1005.8,1,263
2022-03-14 11:00:00,33.928408,18.3,8.6,44,8.6,44,0,1005.8,1.2,288
2022-03-14 12:00:00,48.453968,18.4,9.9,29,9.9,29,0,1005.6,2,252
2022-03-14 13:00:00,37.514906,17.7,10.8,29,10.8,29,0,1005.8,0.6,313
2022-03-14 14:00:00,48.288164,16.5,10.3,27,10.3,27,0,1006.1,2.2,217
2022-03-14 15:00:00,40.439339,19.9,11.4,27,11.4,27,0,1006.3,0.5,289
2022-03-14 16:00:00,41.696861,18.2,11,27,11,27,0,1006.4,1.9,220
2022-03-14 17:00:00,62.749612,18,10.6,27,10.6,27,0,1006.6,2.2,186
2022-03-14 18:00:00,25.690924,24.3,7.2,40,7.2,40,0,1006.9,0.1,354
2022-03-14 19:00:00,48.355719,25.1,7.6,34,7.6,34,0,1006.5,2.1,187
2022-03-14 20:00:00,87.807258,23.4,6.4,37,6.4,37,0,1006.6,1.5,187
2022-03-14 21:00:00,59.230661,22.7,4.3,44,4.3,44,0,1006.8,1.1,72
2022-03-14 22:00:00,49.977354,26.1,2.4,51,2.4,51,0,1007.1,1.2,136
2022-03-14 23:00:00,65.581394,25.8,3.2,46,3.2,46,0,1007.2,0.4,212
2022-03-15 00:00:00,64.356324,26.2,3.4,42,3.4,42,0,1006.7,1.8,290
2022-03-15 01:00:00,42.866823,22.6,1.8,47,1.8,47,0,1006.4,0.4,26
2022-03-15 02:00:00,42.85965,21.5,1.5,51,1.5,51,0,1006.1,0.6,183
2022-03-15 03:00:00,20.013917,21.1,0.4,56,0.4,56,0,1005.7,0.3,339
2022-03-15 04:00:00,13.393374,18.1,0,57,0,57,0,1005.6,0.8,171
2022-03-15 05:00:00,14.360463,20.1,1.6,48,1.6,48,0,1005.7,1.4,161
2022-03-15 06:00:00,15.671544,19.6,0.7,53,0.7,53,0,1005.6,0.5,52
2022-03-15 07:00:00,22.611957,20.9,0.3,54,0.3,54,0,1005.3,0.5,165
2022-03-15 08:00:00,61.429508,29.4,0.6,60,0.6,60,0,1005.2,0.6,83
2022-03-15 09:00:00,90.987793,24.1,2.6,51,2.6,51,0,1005,0.7,210
2022-03-15 10:00:00,85.838181,19.8,3.6,57,3.6,57,0,1004.5,1.3,43
2022-03-15 11:00:00,58.79657,21.2,5.3,52,5.3,52,0,1003.7,2.2,28
2022-03-15 12:00:00,42.181902,19.5,5.3,47,5.3,47,0,1003.1,1.4,18
2022-03-15 13:00:00,41.612343,18.9,6.6,41,6.6,41,0,1002.4,1.7,14
2022-03-15 14:00:00,39.782971,19.9,8,41,8,41,0,1001.6,1.5,7
2022-03-15 15:00:00,32.312416,20,8.4,46,8.4,46,0,1001.1,1.1,34
2022-03-15 16:00:00,31.371597,19.4,9.4,43,9.4,43,0,1000.6,0.7,21
2022-03-15 17:00:00,37.285763,21.1,8.8,40,8.8,40,0,1000.7,1.5,258
2022-03-15 18:00:00,29.71074,25.4,6.6,52,6.6,52,0,1001,1.4,237
2022-03-15 19:00:00,39.339279,25.7,6.5,39,6.5,39,0,1001.5,2.6,188
2022-03-15 20:00:00,55.485693,25.8,5.5,42,5.5,42,0,1002.1,1.8,213
2022-03-15 21:00:00,47.102497,25.1,4.5,45,4.5,45,0,1002.5,2.5,227
2022-03-15 22:00:00,38.669006,23.5,3.3,51,3.3,51,0,1002.9,3,228
2022-03-15 23:00:00,36.364382,20.8,2.5,53,2.5,53,0,1003.4,2.1,232
2022-03-16 00:00:00,30.987873,20.4,1.4,59,1.4,59,0,1003.9,0.9,65
2022-03-16 01:00:00,19.985347,21.2,0.8,60,0.8,60,0,1003.9,1,54
2022-03-16 02:00:00,21.245148,19.9,0.5,61,0.5,61,0,1003.9,0.4,146
2022-03-16 03:00:00,17.196844,22.2,-0.1,64,-0.1,64,0,1004.2,1.2,153
2022-03-16 04:00:00,15.994597,21.4,0.7,62,0.7,62,0,1004.5,1.4,234
2022-03-16 05:00:00,20.883935,21.6,-0.2,64,-0.2,64,0,1004.7,0.8,186
2022-03-16 06:00:00,15.55239,19,-0.2,65,-0.2,65,0,1004.9,1.4,215
2022-03-16 07:00:00,17.65679,22,-0.8,67,-0.8,67,0,1005.1,1.1,206
2022-03-16 08:00:00,44.71428,21.6,-0.2,67,-0.2,67,0,1005.3,1.5,51
2022-03-16 09:00:00,50.099138,25.3,5.5,43,5.5,43,0,1005.2,2.1,194
2022-03-16 10:00:00,,22.5,6.6,40,6.6,40,0,1005.4,3,208
2022-03-16 11:00:00,,22.5,7.2,38,7.2,38,0,1005.3,3.2,201
2022-03-16 12:00:00,,23.8,7.5,38,7.5,38,0,1005.5,3.5,193
2022-03-16 13:00:00,,20.9,8.4,35,8.4,35,0,1005.7,4.4,190
2022-03-16 14:00:00,,19.8,8.4,36,8.4,36,0,1005.9,4.5,180
2022-03-16 15:00:00,,20.4,8.5,36,8.5,36,0,1006.3,4.1,185
2022-03-16 16:00:00,,20.2,8.5,38,8.5,38,0,1006.3,5.3,180
2022-03-16 17:00:00,,19.5,8.2,42,8.2,42,0,1006.3,3.6,202
2022-03-16 18:00:00,,20,8.3,43,8.3,43,0,1006.5,5.1,186
2022-03-16 19:00:00,,18.7,7.8,46,7.8,46,0,1006.9,3.5,198
2022-03-16 20:00:00,,20.1,7.9,47,7.9,47,0,1007,3.8,197
2022-03-16 21:00:00,,20.3,8.2,47,8.2,47,0,1006.9,4.8,183
2022-03-16 22:00:00,,20,7.9,48,7.9,48,0,1007.1,5,181
2022-03-16 23:00:00,,18.7,7.6,50,7.6,50,0,1007.4,4.5,187
2022-03-17 00:00:00,,18.3,7.6,50,7.6,50,0,1007.7,3.8,190
2022-03-17 01:00:00,,17.9,7.4,51,7.4,51,0,1007.5,5.6,174
2022-03-17 02:00:00,,17.9,6.8,53,6.8,53,0,1006.8,5.4,172
2022-03-17 03:00:00,,18.5,6.8,54,6.8,54,0,1007.5,2.5,167
2022-03-17 04:00:00,,18.2,6.3,56,6.3,56,0,1006.9,4.3,180
2022-03-17 05:00:00,,17.8,6.1,58,6.1,58,0,1007.4,2.1,181
2022-03-17 06:00:00,,17.2,6.4,55,6.4,55,0,1007.1,4,197
2022-03-17 07:00:00,,16.6,6.3,52,6.3,52,0,1006.6,3.9,190
2022-03-17 08:00:00,,15.8,6.1,52,6.1,52,0,1006.8,3.6,194
2022-03-17 09:00:00,,15.4,5.9,51,5.9,51,0,1006.7,5.5,196
2022-03-17 10:00:00,,15.8,6.1,48,6.1,48,0,1006.1,4.1,188
2022-03-17 11:00:00,,16.7,6.6,47,6.6,47,0,1006,6.9,170
2022-03-17 12:00:00,,16,6.5,51,6.5,51,0,1006.1,5.3,181
2022-03-17 13:00:00,,16.3,6.4,55,6.4,55,0,1005.3,3.7,190
2022-03-17 14:00:00,,19.2,6.8,54,6.8,54,0,1004.1,6.1,185
2022-03-17 15:00:00,,20.1,6.1,59,6.1,59,0,1003.4,3.3,176
2022-03-17 16:00:00,29.762704,20.9,6.4,56,6.4,56,0,1002.7,5.3,167
2022-03-17 17:00:00,31.815345,21.7,6.5,56,6.5,56,0,1001.4,4.9,170
2022-03-17 18:00:00,23.294031,20,6.3,58,6.3,58,0,1000.5,4.6,166
2022-03-17 19:00:00,24.85492,18.3,6.4,58,6.4,58,0,999.7,5.1,177
2022-03-17 20:00:00,13.995387,19.5,6.4,57,6.4,57,0,998.8,6.8,180
2022-03-17 21:00:00,17.562926,17.5,5.8,56,5.8,56,0,998.9,5.4,193
2022-03-17 22:00:00,13.490257,16,5.5,55,5.5,55,0,999.7,5,198
2022-03-17 23:00:00,8.360601,14.8,5.1,56,5.1,56,0,1000.3,4.1,200
2022-03-18 00:00:00,5.870926,14.2,4.3,58,4.3,58,0,1000.7,2.5,211
2022-03-18 01:00:00,7.113658,14.2,5,53,5,53,0,1001.6,4.1,197
2022-03-18 02:00:00,6.274246,13.5,5.1,52,5.1,52,0,1003,4.1,193
2022-03-18 03:00:00,0.78204,13.5,4.6,55,4.6,55,0,1004.8,2.8,206
2022-03-18 04:00:00,2.310309,14,4,70,4,70,0,1006.1,3.1,214
2022-03-18 05:00:00,-0.422375,13.9,3.9,73,3.9,73,0,1007.8,5.3,225
2022-03-18 06:00:00,0.452293,13.4,3,78,3,78,0,1009.6,3.6,226
2022-03-18 07:00:00,2.673904,14,2.8,79,2.8,79,0,1011.1,3,209
2022-03-18 08:00:00,4.925632,14.9,2.9,77,2.9,77,0,1012.6,3.1,216
2022-03-18 09:00:00,5.997966,16.4,3.5,76,3.5,76,0,1014.1,3.9,163
2022-03-18 10:00:00,10.588669,16.2,5,67,5,67,0,1015.2,2.5,195
2022-03-18 11:00:00,15.390024,14.5,3.5,66,3.5,66,0,1017.1,7.3,234
2022-03-18 12:00:00,4.120085,13.4,4.1,69,4.1,69,0,1018.2,5.4,213
2022-03-18 13:00:00,9.938534,14.1,5.5,62,5.5,62,0,1018.8,4.3,219
2022-03-18 14:00:00,16.181132,14.3,5.9,56,5.9,56,0,1019.3,4.7,232
2022-03-18 15:00:00,16.090944,14.3,6.4,52,6.4,52,0,1019.9,4.5,229
2022-03-18 16:00:00,5.970091,15.2,6.8,45,6.8,45,0,1020.1,4.9,225
2022-03-18 17:00:00,9.984891,15.4,6.6,45,6.6,45,0,1020.3,3.4,227
2022-03-18 18:00:00,13.26446,15.4,5.9,45,5.9,45,0,1020.7,2.3,206
2022-03-18 19:00:00,9.687289,18.2,5.7,42,5.7,42,0,1021.2,2.7,190
2022-03-18 20:00:00,18.491946,16.5,4.3,47,4.3,47,0,1021.4,1.5,226
2022-03-18 21:00:00,19.062849,14.2,5.1,44,5.1,44,0,1021.8,3.9,179
2022-03-18 22:00:00,13.635506,13.9,5.3,45,5.3,45,0,1021.5,4.1,179
2022-03-18 23:00:00,16.050612,13.9,6,45,6,45,0,1021,4.6,182
2022-03-19 00:00:00,9.688544,13.9,6.5,45,6.5,45,0,1020.3,4.5,180
2022-03-19 01:00:00,5.985245,14.4,6.8,46,6.8,46,0,1019.9,4.2,187
2022-03-19 02:00:00,9.471806,14.9,7.3,46,7.3,46,0,1019.9,3.8,212
2022-03-19 03:00:00,5.234334,15.5,6.6,50,6.6,50,0,1019.8,2.4,234
2022-03-19 04:00:00,6.046472,15,7.7,44,7.7,44,0,1020,3.4,213
2022-03-19 05:00:00,5.459839,15.5,7.8,50,7.8,50,0,1020.3,1.5,209
2022-03-19 06:00:00,5.479661,15.2,7.1,48,7.1,48,0,1020.2,2.1,225
2022-03-19 07:00:00,7.683205,15.5,6.9,49,6.9,49,0,1020.7,2.4,218
2022-03-19 08:00:00,8.202204,15.6,8.5,45,8.5,45,0,1021.4,2.5,208
2022-03-19 09:00:00,4.092661,15.9,10,42,10,42,0,1021.8,3.7,192
2022-03-19 10:00:00,5.998171,16.6,12,39,12,39,0,1022.5,4.2,215
2022-03-19 11:00:00,10.903815,17.3,12.7,38,12.7,38,0,1023.2,5.1,230
2022-03-19 12:00:00,15.248058,19,13.6,34,13.6,34,0,1024,6,236
2022-03-19 13:00:00,24.058895,18.6,13.9,35,13.9,35,0,1024.7,4,238
2022-03-19 14:00:00,24.290877,20.4,13.8,33,13.8,33,0,1025.4,4.4,236
2022-03-19 15:00:00,22.790938,20.4,13.2,34,13.2,34,0,1025.7,2.6,216
2022-03-19 16:00:00,32.083702,19.1,12.6,36,12.6,36,0,1026,2.5,233
2022-03-19 17:00:00,25.728144,22.4,12.1,38,12.1,38,0,1026.2,1.9,263
2022-03-19 18:00:00,25.246098,25.1,9.9,46,9.9,46,0,1026.5,0.6,258
2022-03-19 19:00:00,64.665286,26.9,6.8,55,6.8,55,0,1026.9,1.1,185
2022-03-19 20:00:00,38.201307,22.2,8.5,48,8.5,48,0,1027.1,1.6,172
2022-03-19 21:00:00,35.497327,19,7.2,55,7.2,55,0,1027.5,2.2,194
2022-03-19 22:00:00,23.451283,17.3,5.9,56,5.9,56,0,1027.6,1.6,202
2022-03-19 23:00:00,15.612386,17.4,3.7,66,3.7,66,0,1027.5,1.4,207
2022-03-20 00:00:00,16.258077,19.8,2.7,69,2.7,69,0,1027.5,0.8,258
2022-03-20 01:00:00,11.71388,17.5,1.2,72,1.2,72,0,1027.4,1,222
2022-03-20 02:00:00,10.646563,16.6,4,61,4,61,0,1027.1,1.7,187
2022-03-20 03:00:00,7.744704,14.9,2,69,2,69,0,1026.7,0.4,76
2022-03-20 04:00:00,11.676014,13.7,0.2,73,0.2,73,0,1026.4,0.3,306
2022-03-20 05:00:00,9.515996,12.9,0.4,73,0.4,73,0,1026.3,0.7,195
2022-03-20 06:00:00,8.752296,12.9,-0.5,79,-0.5,79,0,1026.1,0.2,51
2022-03-20 07:00:00,7.887571,13.3,-0.1,82,-0.1,82,0,1026,0.3,325
2022-03-20 08:00:00,3.664783,14.5,1.2,78,1.2,78,0,1025.7,0.7,280
2022-03-20 09:00:00,9.175719,15.1,3.9,67,3.9,67,0,1025.5,0.7,198
2022-03-20 10:00:00,8.142209,15.5,5.5,61,5.5,61,0,1025,0.8,21
2022-03-20 11:00:00,11.330413,16.2,7.1,53,7.1,53,0,1024.5,1.1,3
2022-03-20 12:00:00,15.203308,16.4,7.8,53,7.8,53,0,1023.8,1.5,41
2022-03-20 13:00:00,19.184721,17.9,9.1,48,9.1,48,0,1023.1,1.8,28
2022-03-20 14:00:00,29.602584,18.5,10.3,47,10.3,47,0,1022.6,1.5,30
2022-03-20 15:00:00,24.535554,20.1,9.5,49,9.5,49,0,1021.5,1.2,67
2022-03-20 16:00:00,34.207585,20.1,9.9,48,9.9,48,0,1020.8,0.5,19
2022-03-20 17:00:00,27.697563,19.3,9.1,56,9.1,56,0,1020.1,0.4,346
2022-03-20 18:00:00,19.616439,19.4,7.3,64,7.3,64,0,1019.2,0.5,333
2022-03-20 19:00:00,25.726557,28.7,8.6,52,8.6,52,0,1018.4,1.9,172
2022-03-20 20:00:00,39.640636,26.4,11,39,11,39,0,1018.1,2.5,194
2022-03-20 21:00:00,35.356171,24.1,7.5,54,7.5,54,0,1017.9,1.3,183
2022-03-20 22:00:00,19.455995,22.5,4.9,68,4.9,68,0,1017.7,0.5,145
2022-03-20 23:00:00,26.558159,17.9,7,53,7,53,0,1017.7,2.1,210
2022-03-21 00:00:00,12.588177,15.4,4.6,61,4.6,61,0,1018.2,2.8,224
2022-03-21 01:00:00,9.917844,14.8,4.4,54,4.4,54,0,1018.5,0.8,222
2022-03-21 02:00:00,7.568475,14.5,4,56,4,56,0,1018.6,1.3,90
2022-03-21 03:00:00,13.806053,13.7,1.4,67,1.4,67,0,1018.6,0.6,170
2022-03-21 04:00:00,8.028219,13.1,0.4,72,0.4,72,0,1018.3,0.8,178
2022-03-21 05:00:00,8.700216,12.6,0.7,73,0.7,73,0,1018.4,1.9,221
2022-03-21 06:00:00,7.708174,12.6,1.3,70,1.3,70,0,1018.2,2.2,209
2022-03-21 07:00:00,8.985637,15,-0.5,75,-0.5,75,0,1018.7,0.4,62
2022-03-21 08:00:00,19.412107,15.3,2,67,2,67,0,1019,0.2,334
2022-03-21 09:00:00,39.134047,15.1,4.7,52,4.7,52,0,1019.1,0.8,227
2022-03-21 10:00:00,44.711193,14.2,6,53,6,53,0,1019.1,1.1,35
2022-03-21 11:00:00,33.589356,14.4,6.1,60,6.1,60,0,1019.1,1.8,24
2022-03-21 12:00:00,33.068761,14.5,6.9,48,6.9,48,0,1018.7,1.9,45
2022-03-21 13:00:00,56.51056,14.8,7.4,45,7.4,45,0,1018.4,2.6,22
2022-03-21 14:00:00,76.040548,14.2,7.7,44,7.7,44,0,1017.9,2.2,23
2022-03-21 15:00:00,68.31716,14.8,8.6,41,8.6,41,0,1017.3,2.3,38
2022-03-21 16:00:00,71.331512,15.9,8.5,45,8.5,45,0,1016.8,2.2,19
2022-03-21 17:00:00,74.006331,15.2,7.9,48,7.9,48,0,1016.4,2.2,47
2022-03-21 18:00:00,52.596903,15.8,6.3,54,6.3,54,0,1016,1.5,61
2022-03-21 19:00:00,59.331432,18,3.7,65,3.7,65,0,1015.8,1.4,76
2022-03-21 20:00:00,58.436811,27.8,3.3,66,3.3,66,0,1015.6,0.8,167
2022-03-21 21:00:00,80.880186,21.3,3.2,61,3.2,61,0,1015.4,0.8,172
2022-03-21 22:00:00,73.402702,17.9,1.8,58,1.8,58,0,1015.2,1.7,230
2022-03-21 23:00:00,42.754733,18.4,1.1,62,1.1,62,0,1015.1,0.6,43
2022-03-22 00:00:00,34.099966,16,-0.3,64,-0.3,64,0,1015.2,0.9,209
2022-03-22 01:00:00,26.452321,15.1,1.1,57,1.1,57,0,1015,1.3,206
2022-03-22 02:00:00,14.192671,14.6,0.8,56,0.8,56,0,1015,1.6,202
2022-03-22 03:00:00,14.149916,14.5,0.4,57,0.4,57,0,1014.5,1.3,201
2022-03-22 04:00:00,13.287817,14.7,0.6,55,0.6,55,0,1014.3,1.5,166
2022-03-22 05:00:00,12.080515,14.7,-1.6,64,-1.6,64,0,1014,0.6,148
2022-03-22 06:00:00,13.20082,15,-0.9,60,-0.9,60,0,1013.8,0.9,164
2022-03-22 07:00:00,23.668621,16.8,-2,68,-2,68,0,1014,0.6,146
2022-03-22 08:00:00,40.771676,22.7,0.1,72,0.1,72,0,1014.3,0.4,87
2022-03-22 09:00:00,78.834518,17.9,1.5,63,1.5,63,0,1014.4,0.8,200
2022-03-22 10:00:00,72.293294,18.8,2.5,62,2.5,62,0,1014.7,1.4,233
2022-03-22 11:00:00,59.458149,21.8,2.1,59,2.1,59,0,1014.8,2.1,225
2022-03-22 12:00:00,80.724283,19,3.8,50,3.8,50,0,1014.7,2.2,225
2022-03-22 13:00:00,117.674261,22.6,5.3,44,5.3,44,0,1014.9,2.5,217
2022-03-22 14:00:00,120.954566,18.6,5.6,47,5.6,47,0,1015,1.3,212
2022-03-22 15:00:00,85.358026,22.5,5.7,53,5.7,53,0,1015,2,213
2022-03-22 16:00:00,95.134807,19.5,5.6,55,5.6,55,0,1015,1.5,218
2022-03-22 17:00:00,84.014105,19.7,5.4,57,5.4,57,0,1015.1,2.1,227
2022-03-22 18:00:00,41.609207,22.9,5.1,62,5.1,62,0,1015.2,2.3,213
2022-03-22 19:00:00,28.767461,24.1,4.9,70,4.9,70,0,1015.4,2.8,223
2022-03-22 20:00:00,30.151476,26.3,4.7,73,4.7,73,0,1015.5,3.4,214
2022-03-22 21:00:00,23.620859,26.8,4.2,74,4.2,74,0,1015.8,2.4,182
2022-03-22 22:00:00,19.539506,28.7,3.8,77,3.8,77,0,1015.9,1.4,182
2022-03-22 23:00:00,21.409463,29.8,3.4,78,3.4,78,0,1015.7,1.4,202
2022-03-23 00:00:00,27.824758,27.2,3,79,3,79,0,1015.4,1.9,220
2022-03-23 01:00:00,22.601004,23.4,2.4,81,2.4,81,0,1015.1,1.7,219
2022-03-23 02:00:00,17.751258,21.3,2.3,80,2.3,80,0,1014.7,2.2,191
2022-03-23 03:00:00,14.840032,21.2,2.2,77,2.2,77,0,1014.6,1.7,220
2022-03-23 04:00:00,15.351086,18.5,1.9,76,1.9,76,0,1014,2.6,217
2022-03-23 05:00:00,13.494122,18,0.7,81,0.7,81,0,1013.8,3.3,224
2022-03-23 06:00:00,13.501261,17.8,1,76,1,76,0,1013.4,3.4,232
2022-03-23 07:00:00,11.903784,18.4,1.3,73,1.3,73,0,1013,2.8,227
2022-03-23 08:00:00,35.458167,20.5,2.1,68,2.1,68,0,1012.9,2.5,231
2022-03-23 09:00:00,66.017801,20.2,3.2,64,3.2,64,0,1012.8,2.6,220
2022-03-23 10:00:00,54.188641,20.2,6.2,53,6.2,53,0.1,1012.5,2.9,226
2022-03-23 11:00:00,44.097429,21.6,7.7,49,7.7,49,0,1012.2,1.9,239
2022-03-23 12:00:00,46.527261,20.1,9.2,40,9.2,40,0,1011.7,3.1,225
2022-03-23 13:00:00,95.545663,20.6,10,39,10,39,0,1011.3,2.7,210
2022-03-23 14:00:00,33.415405,23.1,8,65,8,65,0,1010.9,0.6,43
2022-03-23 15:00:00,26.883399,28.6,10.8,43,10.8,43,0,1010.1,1.6,224
2022-03-23 16:00:00,54.907771,25.3,11.8,38,11.8,38,0,1009.4,3.7,224
2022-03-23 17:00:00,53.809655,25.9,11,39,11,39,0,1008.6,2.6,198
2022-03-23 18:00:00,55.720664,20.3,10.2,37,10.2,37,0,1007.8,2.6,211
2022-03-23 19:00:00,32.324726,21.7,10.3,38,10.3,38,0,1007.6,3,212
2022-03-23 20:00:00,32.310923,22.4,10.2,41,10.2,41,0,1007.2,3.3,221
2022-03-23 21:00:00,36.083335,22.7,10.2,47,10.2,47,0,1006.8,3.2,207
2022-03-23 22:00:00,32.038621,22.8,9.3,52,9.3,52,0,1006.6,3.4,216
2022-03-23 23:00:00,28.943742,24.2,9.4,55,9.4,55,0,1006,3.4,204
2022-03-24 00:00:00,22.549467,23.8,9.5,59,9.5,59,0,1005.7,4.2,215
2022-03-24 01:00:00,20.858115,25,9.5,60,9.5,60,0,1005.5,2.9,194
2022-03-24 02:00:00,27.85241,29.2,9.3,60,9.3,60,0,1005.1,3.2,210
2022-03-24 03:00:00,22.184843,24.8,9.4,61,9.4,61,0,1004.7,2.9,205
2022-03-24 04:00:00,20.514717,25.7,9.2,62,9.2,62,0,1004.3,2.2,201
2022-03-24 05:00:00,20.61617,26.7,8.6,65,8.6,65,0,1004.3,2.4,204
2022-03-24 06:00:00,20.11664,26.5,8.5,65,8.5,65,0,1004.1,2.3,214
2022-03-24 07:00:00,19.709315,38.3,8.4,66,8.4,66,0,1004.1,2.3,211
2022-03-24 08:00:00,27.067983,33.5,7.9,72,7.9,72,0,1004.2,3,228
2022-03-24 09:00:00,22.725593,24,7.7,79,7.7,79,0,1004.6,3.3,222
2022-03-24 10:00:00,16.688907,19.1,7.1,86,7.1,86,0.4,1004.9,3.2,225
2022-03-24 11:00:00,12.784802,17.7,7.1,89,7.1,89,0.5,1005.2,3.5,224
2022-03-24 12:00:00,9.559013,15.1,7.1,88,7.1,88,0.4,1005.5,2.7,224
2022-03-24 13:00:00,9.029309,15,6.9,91,6.9,91,0.5,1005.8,3.4,233
2022-03-24 14:00:00,4.501712,15.6,6.7,95,6.7,95,1.1,1005.6,2.4,213
2022-03-24 15:00:00,5.290197,15.6,6.7,95,6.7,95,0.9,1005.3,2.5,206
2022-03-24 16:00:00,9.235459,15.5,7,92,7,92,1.1,1004.9,2.5,202
2022-03-24 17:00:00,5.276714,16.7,6.7,91,6.7,91,1.1,1004.5,2.6,202
2022-03-24 18:00:00,1.760302,16.4,6.3,91,6.3,91,2.3,1004.2,3.3,208
2022-03-24 19:00:00,3.964874,18,6.4,89,6.4,89,0.9,1004.1,3.9,218
2022-03-24 20:00:00,5.105759,26.9,6.8,86,6.8,86,0.2,1003.8,3.3,212
2022-03-24 21:00:00,12.448776,38,6.6,86,6.6,86,0.7,1002.6,2.3,180
2022-03-24 22:00:00,16.308741,36.5,5.9,89,5.9,89,0.2,1001.9,2.8,220
2022-03-24 23:00:00,16.265273,43.1,6.6,83,6.6,83,0,1001.1,3.5,199
2022-03-25 00:00:00,13.99089,46.4,6.3,86,6.3,86,0.4,999.6,3.9,197
2022-03-25 01:00:00,15.490225,30.6,6.4,87,6.4,87,0.2,998.9,4.6,216
2022-03-25 02:00:00,9.864642,16.2,6.2,91,6.2,91,1,998.5,4.7,224
2022-03-25 03:00:00,2.000364,16.2,7.4,84,7.4,84,0.2,998.5,6.8,239
2022-03-25 04:00:00,0.868094,15.2,6.4,92,6.4,92,0.8,998.2,4.9,234
2022-03-25 05:00:00,0.27035,14,6.9,86,6.9,86,0.3,998.3,7.4,246
2022-03-25 06:00:00,1.990517,14.2,7.3,81,7.3,81,0,998.2,8,242
2022-03-25 07:00:00,1.644823,14,7.4,81,7.4,81,0,998,10.2,240
2022-03-25 08:00:00,1.176895,13.6,6.7,86,6.7,86,0,997.9,5.8,234
2022-03-25 09:00:00,1.990686,13.5,7.1,84,7.1,84,0,997.8,6.5,236
2022-03-25 10:00:00,4.197648,13,7.5,78,7.5,78,0,998.1,9,246
2022-03-25 11:00:00,3.565494,13.9,7,78,7,78,0.1,998.4,9.2,256
2022-03-25 12:00:00,2.98648,18.8,6.7,72,6.7,72,0.1,999,9.5,255
2022-03-25 13:00:00,14.382093,26,5.5,74,5.5,74,0,1000,8.8,256
2022-03-25 14:00:00,17.25374,34.6,4.5,77,4.5,77,0,1000.1,8.4,262
2022-03-25 15:00:00,13.865118,29.2,4.1,79,4.1,79,0,999.6,8.7,248
2022-03-25 16:00:00,23.317131,24.2,4.4,70,4.4,70,0,999.9,9.2,251
2022-03-25 17:00:00,34.488457,27.2,4.2,65,4.2,65,0,1000,10,258
2022-03-25 18:00:00,37.490628,20.9,3.4,67,3.4,67,0,1000.6,9,263
2022-03-25 19:00:00,48.919205,25.8,2.6,73,2.6,73,0,1001.4,8.4,257
2022-03-25 20:00:00,38.145611,24.5,2.9,69,2.9,69,0,1002,10.5,253
2022-03-25 21:00:00,33.326163,24.9,3.1,70,3.1,70,0,1002,11.1,251
2022-03-25 22:00:00,17.292771,18.5,2.1,86,2.1,86,0.6,1003.8,7.5,260
2022-03-25 23:00:00,8.94426,17,2.8,86,2.8,86,0.6,1005.3,5.7,283
2022-03-26 00:00:00,7.443545,18.5,3,78,3,78,0.1,1006.3,4.6,305
2022-03-26 01:00:00,14.937505,16.8,3.1,66,3.1,66,0,1007.5,5.1,314
2022-03-26 02:00:00,14.88618,14.8,2.6,63,2.6,63,0,1008.6,5.2,319
2022-03-26 03:00:00,12.564252,15.3,1.9,70,1.9,70,0,1009.5,4.7,309
2022-03-26 04:00:00,11.958957,13.1,2.3,57,2.3,57,0,1009.7,4.6,306
2022-03-26 05:00:00,13.383826,13.5,2.2,57,2.2,57,0,1010.4,5.1,300
2022-03-26 06:00:00,9.11395,14,1.6,66,1.6,66,0.1,1011.7,5,310
2022-03-26 07:00:00,13.38006,13.8,1.4,69,1.4,69,0,1012,4.7,309
2022-03-26 08:00:00,15.935041,15.9,1.1,67,1.1,67,0,1013.5,2.6,306
2022-03-26 09:00:00,14.364971,15.1,1.4,65,1.4,65,0.1,1014.1,3.7,303
2022-03-26 10:00:00,27.385819,15.4,1.5,61,1.5,61,0,1014.9,2.3,314
2022-03-26 11:00:00,34.835297,15.1,2,56,2,56,0,1015.4,3.1,311
2022-03-26 12:00:00,47.241102,16.4,2.1,52,2.1,52,0,1015.5,3,298
2022-03-26 13:00:00,67.309612,16,2.3,52,2.3,52,0,1015.4,3.2,288
2022-03-26 14:00:00,87.644673,17.8,2.6,52,2.6,52,0,1015.7,3.6,269
2022-03-26 15:00:00,77.879553,18.3,2.4,55,2.4,55,0,1015.8,3.1,272
2022-03-26 16:00:00,85.242564,20.3,2.2,56,2.2,56,0,1015.5,2.4,248
2022-03-26 17:00:00,65.95275,32.6,2.1,59,2.1,59,0,1015.1,1.8,219
2022-03-26 18:00:00,40.878974,30.5,2,61,2,61,0,1014.6,1.2,212
2022-03-26 19:00:00,84.943504,32.5,1.7,62,1.7,62,0,1014.2,0.9,197
2022-03-26 20:00:00,45.40812,26.6,0,86,0,86,0,1014,2.2,222
2022-03-26 21:00:00,11.298775,24.2,-0.2,91,-0.2,91,0.4,1013.6,1.7,187
2022-03-26 22:00:00,10.477568,18.7,-0.3,92,-0.3,92,0.6,1012.4,1.2,201
2022-03-26 23:00:00,3.303823,18.7,0.1,91,0.1,91,0.3,1011.7,2.2,186
2022-03-27 00:00:00,7.353057,18,0,90,0,90,0,1010.8,1.4,233
2022-03-27 01:00:00,3.787333,17.4,0.3,92,0.3,92,0,1009.3,1.8,182
2022-03-27 03:00:00,6.832443,16.6,0.4,92,0.4,92,0.2,1008.3,2.3,222
2022-03-27 04:00:00,1.938713,15.1,0.5,95,0.5,95,0.4,1006.8,2.3,217
2022-03-27 05:00:00,2.125429,14,1.6,94,1.6,94,0.4,1005.4,3.1,204
2022-03-27 06:00:00,0.709265,13.5,2.7,91,2.7,91,0.6,1004.2,5.1,188
2022-03-27 07:00:00,0.169676,12.4,3.1,91,3.1,91,1,1003.3,3.5,200
2022-03-27 08:00:00,-2.443873,12,3.4,91,3.4,91,1.2,1001.7,4.8,210
2022-03-27 09:00:00,2.196637,13.7,4.1,92,4.1,92,0.3,1001.1,4.6,215
2022-03-27 10:00:00,3.175295,14.5,6.3,85,6.3,85,0,1000.1,6.6,225
2022-03-27 11:00:00,4.388577,18.9,7.7,77,7.7,77,0,998.8,8.2,231
2022-03-27 12:00:00,6.788725,17.1,8.5,71,8.5,71,0,998.1,6.7,241
2022-03-27 13:00:00,9.572017,21.9,8.9,65,8.9,65,0,997.2,10.5,252
2022-03-27 14:00:00,29.323667,24,8.7,66,8.7,66,0,997,11.1,254
2022-03-27 15:00:00,40.71331,26.4,8.8,65,8.8,65,0,996.1,11.9,251
2022-03-27 16:00:00,45.504865,27.1,8.6,66,8.6,66,0,995.6,9.8,247
2022-03-27 17:00:00,56.540497,29.4,8.3,67,8.3,67,0,994.4,10.8,250
2022-03-27 18:00:00,37.123689,19.2,7.3,78,7.3,78,0.7,993.3,11.4,246
2022-03-27 19:00:00,12.060059,16.9,6.6,84,6.6,84,1.5,992.5,9.8,244
2022-03-27 20:00:00,7.712941,18.2,7.2,81,7.2,81,0.9,991.4,8.7,248
2022-03-27 21:00:00,6.713498,16.6,7.2,82,7.2,82,1,990.5,10.3,250
2022-03-27 22:00:00,8.116877,15.2,6.9,84,6.9,84,2.3,989.9,9.4,259
2022-03-27 23:00:00,4.189628,15.8,4.6,87,4.6,87,4.7,990.5,9.3,272
2022-03-28 00:00:00,4.273645,22.8,4.2,85,4.2,85,1.9,990.2,8.1,267
2022-03-28 01:00:00,15.744442,19.9,4.2,74,4.2,74,0.2,989.7,8.4,255
2022-03-28 02:00:00,15.158912,22.8,3.4,73,3.4,73,0,989.2,9.1,259
2022-03-28 03:00:00,12.420903,17.8,2.7,75,2.7,75,0,988.9,11.3,254
2022-03-28 04:00:00,9.333287,13.7,1.4,88,1.4,88,0.8,988.6,8.2,251
2022-03-28 05:00:00,0.609508,12.7,1.4,86,1.4,86,0.2,987.5,11.3,242
2022-03-28 06:00:00,0.959846,12.3,1.6,85,1.6,85,0.2,986.2,10.9,241
2022-03-28 07:00:00,4.297142,12.1,1.6,87,1.6,87,0.1,984.8,10.5,237
2022-03-28 08:00:00,4.567013,13.6,1.5,93,1.5,93,1.3,985.6,7.8,243
2022-03-28 09:00:00,4.209023,13,3,81,3,81,0.7,987.3,5.2,294
2022-03-28 10:00:00,12.785045,14.4,1.4,89,1.4,89,0.4,989.1,5.6,284
2022-03-28 11:00:00,11.937086,13.3,2.8,71,2.8,71,0,991.1,4.7,312
2022-03-28 12:00:00,12.594361,15.7,1.5,80,1.5,80,0.1,992.5,4.4,321
2022-03-28 13:00:00,12.105402,14.9,0.9,86,0.9,86,1.2,993.4,3.5,293
2022-03-28 14:00:00,13.902761,15,1.5,82,1.5,82,0.3,994.6,3.5,299
2022-03-28 15:00:00,16.872805,14.2,2.6,60,2.6,60,0.1,994.6,4.9,306
2022-03-28 16:00:00,17.930964,14.5,3.4,56,3.4,56,0,995,4.8,308
2022-03-28 17:00:00,15.488757,13.6,2.6,61,2.6,61,0,994.9,3.7,313
2022-03-28 18:00:00,22.939175,13.7,-0.3,84,-0.3,84,0.2,995.2,2.4,302
2022-03-28 19:00:00,6.469562,13.9,1.1,67,1.1,67,0,995.3,5,302
2022-03-28 20:00:00,11.050301,12.9,0.2,78,0.2,78,0.2,995.6,3.1,319
2022-03-28 21:00:00,9.549083,13,-0.3,83,-0.3,83,0.1,995.4,1.7,288
2022-03-28 22:00:00,8.354711,11.7,-0.9,88,-0.9,88,0.2,995.6,1.7,319
2022-03-28 23:00:00,8.283173,11.7,-0.7,79,-0.7,79,0.1,995.5,1.5,302
2022-03-29 00:00:00,4.256977,12.8,-0.4,76,-0.4,76,0,995.5,1.8,186
2022-03-29 01:00:00,4.976927,12.2,-1.1,82,-1.1,82,0,995.5,2.3,215
2022-03-29 02:00:00,9.311709,11.8,-1.5,86,-1.5,86,0,995.5,1.2,210
2022-03-29 03:00:00,5.102648,11.3,-1.5,88,-1.5,88,0,994.9,2,195
2022-03-29 04:00:00,6.755202,11.1,-1.1,82,-1.1,82,0,994.7,1.7,185
2022-03-29 05:00:00,3.12449,11.2,-1.7,85,-1.7,85,0,994.4,1.3,184
2022-03-29 06:00:00,0.254499,11.2,-2.2,85,-2.2,85,0,994.4,0.8,150
2022-03-29 07:00:00,5.481027,13.2,-3.2,88,-3.2,88,0,994.6,0.3,227
2022-03-29 08:00:00,7.107533,15.1,-2.1,75,-2.1,75,0,994.7,2.1,81
2022-03-29 09:00:00,10.21611,15,-1,67,-1,67,0,995,2.2,72
2022-03-29 10:00:00,8.529673,13.3,-0.5,59,-0.5,59,0,995.5,2.2,70
2022-03-29 11:00:00,11.338362,14.3,-0.2,60,-0.2,60,0,995.6,2.1,44
2022-03-29 12:00:00,10.443797,14.4,-0.6,60,-0.6,60,0,995.8,1.9,36
2022-03-29 13:00:00,22.48134,12.7,-0.2,54,-0.2,54,0,995.9,2.2,29
2022-03-29 14:00:00,68.964009,12.5,1.2,38,1.2,38,0,995.7,1,313
2022-03-29 15:00:00,100.563595,13,0.6,39,0.6,39,0,995.9,2.9,30
2022-03-29 16:00:00,46.487297,12.5,1.3,26,1.3,26,0,995.7,2.4,26
2022-03-29 17:00:00,99.106999,12.4,1.5,29,1.5,29,0,995.6,1.9,31
2022-03-29 18:00:00,63.482802,12.1,1.3,38,1.3,38,0,995.5,1.8,46
2022-03-29 19:00:00,98.448547,12,0.8,32,0.8,32,0,995.5,1.6,38
2022-03-29 20:00:00,120.799739,12.6,-0.7,41,-0.7,41,0,995.4,1.6,265
2022-03-29 21:00:00,82.935825,10.2,-1.5,45,-1.5,45,0,995.6,1.5,205
2022-03-29 22:00:00,97.689647,10,-1.8,55,-1.8,55,0,995.8,1.5,205
2022-03-29 23:00:00,80.15885,11,-1.4,50,-1.4,50,0,995.8,1.5,261
2022-03-30 00:00:00,34.215339,10.5,-2.3,67,-2.3,67,0,995.7,2.7,214
2022-03-30 01:00:00,17.642846,10.2,-2.5,69,-2.5,69,0,995.8,2.8,214
2022-03-30 02:00:00,12.140344,9.76,-3.3,72,-3.3,72,0,995.8,2.8,218
2022-03-30 03:00:00,4.914561,9.89,-3.4,71,-3.4,71,0,995.6,2.8,199
2022-03-30 04:00:00,7.915506,9.46,-3.8,70,-3.8,70,0,995.5,3.7,217
2022-03-30 05:00:00,9.146466,9.38,-4.1,73,-4.1,73,0,995.3,3.3,219
2022-03-30 06:00:00,4.166542,9.71,-3.8,76,-3.8,76,0,995.1,3.2,194
2022-03-30 07:00:00,10.033815,10.3,-3.9,81,-3.9,81,0,995.2,3.1,231
2022-03-30 08:00:00,23.25193,12.9,-3.6,82,-3.6,82,0,995.2,3.6,219
2022-03-30 09:00:00,31.724447,14.5,-2.6,80,-2.6,80,0,995.4,3.3,233
2022-03-30 10:00:00,33.976166,14,-1.7,78,-1.7,78,0,995.5,2.5,219
2022-03-30 11:00:00,,13.9,-0.2,80,-0.2,80,0,995.4,2.9,186
2022-03-30 12:00:00,,13.5,0.3,74,0.3,74,0,995.4,3,253
2022-03-30 13:00:00,159.617261,13.2,1,67,1,67,0,995.3,3,282
2022-03-30 14:00:00,119.467205,13.6,1.1,68,1.1,68,0,995.1,3.6,300
2022-03-30 15:00:00,118.2113,12.7,1.7,62,1.7,62,0,995,4.3,306
2022-03-30 16:00:00,100.354231,13.6,2.4,63,2.4,63,0,995,3.7,297
2022-03-30 17:00:00,117.381204,13.5,1.3,67,1.3,67,0,994.8,3.7,283
2022-03-30 18:00:00,94.791173,13.7,1.2,74,1.2,74,0,994.9,3.8,297
2022-03-30 19:00:00,67.276002,13.8,0.5,77,0.5,77,0,994.8,2.6,284
2022-03-30 20:00:00,63.972912,12.9,0,79,0,79,0,994.9,2.7,228
2022-03-30 21:00:00,45.52771,12.7,-0.1,82,-0.1,82,0,995.2,1.3,253
2022-03-30 22:00:00,31.494746,13,-0.1,80,-0.1,80,0,995.3,2.4,277
2022-03-30 23:00:00,38.851651,12.6,0,76,0,76,0,995.5,2,293
2022-03-31 00:00:00,33.151971,12,0.1,79,0.1,79,0,995.5,3.6,281
2022-03-31 01:00:00,17.147614,11.4,-0.3,79,-0.3,79,0,995.4,2.3,276
2022-03-31 02:00:00,11.046418,11.8,-0.5,78,-0.5,78,0,995.7,1.9,275
2022-03-31 03:00:00,8.569656,11.9,-0.3,78,-0.3,78,0,995.8,1.2,288
2022-03-31 04:00:00,13.134272,12.3,-0.8,79,-0.8,79,0,995.8,1.5,256
2022-03-31 05:00:00,9.96166,12,-1.5,79,-1.5,79,0,995.9,1.6,346
2022-03-31 06:00:00,7.086571,12.1,-1.9,84,-1.9,84,0,996.1,0.5,250
2022-03-31 07:00:00,5.439883,13.9,-1.9,86,-1.9,86,0,996.5,0.9,200
2022-03-31 08:00:00,21.094373,15.6,-1.7,84,-1.7,84,0,996.8,1,223
2022-03-31 09:00:00,24.57903,15.9,-1.1,82,-1.1,82,0,997.2,1.7,222
2022-03-31 10:00:00,23.479709,14.7,-0.2,80,-0.2,80,0,997.5,2.1,236
2022-03-31 11:00:00,16.463142,14.4,1,65,1,65,0,997.9,2,291
2022-03-31 12:00:00,30.920961,13.7,1.8,60,1.8,60,0,998.2,2.3,331
2022-03-31 13:00:00,58.305937,13.4,2.4,51,2.4,51,0,998.3,2.5,330
2022-03-31 14:00:00,90.481743,14.4,2,55,2,55,0,998.4,2.3,277
2022-03-31 15:00:00,94.841775,14.1,2.5,54,2.5,54,0,998.4,2.7,325
2022-03-31 16:00:00,62.051404,17,0.8,68,0.8,68,0,998.6,2.7,300
2022-03-31 17:00:00,5.689163,13.5,-1.5,90,-1.5,90,1.7,998.6,2.4,84
2022-03-31 18:00:00,6.186704,13.6,-1.1,91,-1.1,91,1,998.5,2,149
2022-03-31 19:00:00,8.8297,12.3,-0.8,91,-0.8,91,0.7,998.6,0.9,289
2022-03-31 20:00:00,8.161916,13.3,-2.3,92,-2.3,92,0.5,998.8,1.3,208
2022-03-31 21:00:00,9.151613,13.5,-1.7,90,-1.7,90,0.1,999.1,2,187
2022-03-31 22:00:00,7.29173,13.3,-1.3,89,-1.3,89,0,999.5,2.8,229
2022-03-31 23:00:00,4.04165,13.7,-1.4,92,-1.4,92,0.6,999.8,2,220
2022-04-01 00:00:00,5.583014,14.7,-1.7,93,-1.7,93,0,999.9,1.6,222
2022-04-01 01:00:00,6.408918,12.6,-1.5,91,-1.5,91,0.5,1000.2,1,220
2022-04-01 02:00:00,5.129134,12.2,-1.5,92,-1.5,92,0,1000.6,0.7,215
2022-04-01 03:00:00,1.286373,11.7,-2,93,-2,93,0,1000.7,1.7,211
2022-04-01 04:00:00,4.442323,11.8,-2.1,94,-2.1,94,0,1000.8,1.2,195
2022-04-01 05:00:00,5.564724,11,-1.9,90,-1.9,90,0,1000.9,1.5,190
2022-04-01 06:00:00,4.692302,11.1,-2.2,88,-2.2,88,0,1001.2,1,200
2022-04-01 07:00:00,4.75301,12,-2.4,90,-2.4,90,0.1,1001.7,1.6,185
2022-04-01 08:00:00,5.718957,14,-2.5,88,-2.5,88,0,1002,1.6,216
2022-04-01 09:00:00,7.188919,13.8,-2.5,85,-2.5,85,0,1002.3,1.8,207
2022-04-01 10:00:00,8.012133,13.2,-1.6,77,-1.6,77,0,1002.5,2.6,232
2022-04-01 11:00:00,6.969735,13.4,0.8,70,0.8,70,0,1002.7,1.3,187
2022-04-01 12:00:00,8.942912,14.5,1.9,64,1.9,64,0,1002.8,1.5,210
2022-04-01 13:00:00,6.545961,13.7,1.6,67,1.6,67,0,1003,2.2,49
2022-04-01 14:00:00,8.64229,13.3,3,52,3,52,0,1002.9,1.4,59
2022-04-01 15:00:00,15.717722,13.5,2.8,48,2.8,48,0,1002.8,0.8,72
2022-04-01 16:00:00,46.70828,15.6,1.7,54,1.7,54,0,1002.6,1.9,28
2022-04-01 17:00:00,39.768363,16.5,1.4,56,1.4,56,0,1002.5,1.3,23
2022-04-01 18:00:00,26.491211,15.9,0.9,64,0.9,64,0,1002.4,1.2,69
2022-04-01 19:00:00,10.502166,18.2,1.5,65,1.5,65,0,1002.5,0.3,54
2022-04-01 20:00:00,23.343024,19.3,0.3,69,0.3,69,0,1002.8,1.1,201
2022-04-01 21:00:00,18.58775,16.3,-0.8,74,-0.8,74,0,1002.9,1.7,223
2022-04-01 22:00:00,15.039933,14.7,-0.7,78,-0.7,78,0,1002.9,2.1,188
2022-04-01 23:00:00,12.877227,13.5,-0.7,77,-0.7,77,0,1002.7,3,182
2022-04-02 00:00:00,10.662958,13.5,-1,80,-1,80,0,1002.6,2.7,186
2022-04-02 01:00:00,6.532725,13,-1,81,-1,81,0,1002.3,2.4,199
2022-04-02 02:00:00,3.946466,13.4,-0.7,78,-0.7,78,0,1002,3.8,188
2022-04-02 03:00:00,5.917147,13,-0.7,78,-0.7,78,0,1001.7,3.4,188
2022-04-02 04:00:00,3.452444,12.4,-0.6,75,-0.6,75,0,1001.2,3.6,189
2022-04-02 05:00:00,2.811129,11.6,-0.7,75,-0.7,75,0,1000.6,3.7,194
2022-04-02 06:00:00,5.89503,12.1,-0.9,81,-0.9,81,0,1000.2,3,195
2022-04-02 07:00:00,2.415973,11.6,-1.1,86,-1.1,86,0.2,999.9,3.5,198
2022-04-02 08:00:00,2.653806,13.5,-0.5,82,-0.5,82,0,999.7,3.4,188
2022-04-02 09:00:00,2.009784,14.7,-0.1,82,-0.1,82,0,999.4,4.3,206
2022-04-02 10:00:00,1.252093,15.8,0.3,86,0.3,86,0.1,999.4,4,216
2022-04-02 11:00:00,4.839903,15.4,0.7,86,0.7,86,0.1,999.5,3.7,230
2022-04-02 12:00:00,5.971932,14.3,0.5,90,0.5,90,0.6,999.8,4,285
2022-04-02 13:00:00,4.590434,13.1,1.4,85,1.4,85,0.2,999.4,4.3,251
2022-04-02 14:00:00,6.667944,12.4,0.5,91,0.5,91,0.9,999.4,4.1,257
2022-04-02 15:00:00,4.144827,12.5,0.3,93,0.3,93,0.8,999.5,4.9,255
2022-04-02 16:00:00,5.17746,12.3,0.9,87,0.9,87,0.3,999.2,4.3,268
2022-04-02 17:00:00,7.435609,12.7,0.4,90,0.4,90,0.2,998.8,3.6,261
2022-04-02 18:00:00,4.019031,11.6,0.4,90,0.4,90,0.1,998.8,3.1,254
2022-04-02 19:00:00,6.036905,11.8,-0.1,94,-0.1,94,0.8,998.7,3.7,277
2022-04-02 20:00:00,0.95432,12.1,-0.1,94,-0.1,94,0.2,998.5,2.3,215
2022-04-02 21:00:00,1.788096,12.9,-0.1,95,-0.1,95,0.1,998.2,1.5,242
2022-04-02 22:00:00,5.517593,11.8,-0.4,96,-0.4,96,1.3,997.4,2.3,194
2022-04-02 23:00:00,4.427841,10.8,-0.3,95,-0.3,95,0.3,997.1,2.5,210
2022-04-03 00:00:00,3.504969,10.6,-0.3,96,-0.3,96,0.1,996.8,2.1,223
2022-04-03 01:00:00,2.617131,11,-0.3,96,-0.3,96,0,996.4,3.1,224
2022-04-03 02:00:00,0.467585,10.8,-0.4,95,-0.4,95,0,995.8,2.9,225
2022-04-03 03:00:00,1.844401,12.1,-0.2,93,-0.2,93,0,995.1,3.6,232
2022-04-03 04:00:00,0.927118,17.9,-0.4,95,-0.4,95,0.6,994.3,2.8,226
2022-04-03 05:00:00,2.843553,10.9,-0.4,96,-0.4,96,0.7,993.4,2.5,197
2022-04-03 06:00:00,2.272071,10.8,-0.5,96,-0.5,96,0.5,992.6,2.1,213
2022-04-03 07:00:00,1.85187,10.7,-0.5,97,-0.5,97,0.4,991.6,1.9,203
2022-04-03 08:00:00,0.614631,11.1,-0.4,96,-0.4,96,0.3,991.1,2.1,246
2022-04-03 09:00:00,0.401394,11.7,0,96,0,96,0.4,990.6,2.7,215
2022-04-03 10:00:00,2.104122,11.4,0.4,96,0.4,96,4.1,990.1,2.1,222
2022-04-03 11:00:00,3.464618,13.2,0.3,94,0.3,94,0.4,989.7,1.7,283
2022-04-03 12:00:00,0.534757,11.8,0.2,92,0.2,92,0.4,989,1.9,251
2022-04-03 13:00:00,4.12893,12.2,0.4,92,0.4,92,0.6,988.6,2.4,270
2022-04-03 14:00:00,5.291426,12.3,1.1,81,1.1,81,0.1,987.8,3.6,244
2022-04-03 15:00:00,8.69035,11.9,0.6,86,0.6,86,0.1,987.5,2.3,305
2022-04-03 16:00:00,8.167017,12.2,0.1,87,0.1,87,0.5,986.8,2.2,245
2022-04-03 17:00:00,2.7975,12.6,0.1,89,0.1,89,0.2,986.2,2.5,224
2022-04-03 18:00:00,5.399379,12.4,0.4,84,0.4,84,0,985.5,2.8,237
2022-04-03 19:00:00,6.461342,11.3,-0.6,92,-0.6,92,0.8,985.1,1.3,261
2022-04-03 20:00:00,2.656389,11.7,-0.5,86,-0.5,86,0,984.4,1.9,277
2022-04-03 21:00:00,8.18857,11.7,-0.7,88,-0.7,88,0,983.6,1.3,234
2022-04-03 22:00:00,5.503945,12,-1,93,-1,93,0.3,982.7,1.8,209
2022-04-03 23:00:00,3.541743,11.8,-1.2,94,-1.2,94,0.3,981.9,1.9,210
2022-04-04 00:00:00,2.074589,11.1,-1.3,92,-1.3,92,0.1,981,1.6,211
2022-04-04 01:00:00,1.598376,12.1,-1.3,94,-1.3,94,0.2,980.2,2,213
2022-04-04 02:00:00,2.759543,11.4,-1.5,95,-1.5,95,0.4,979.2,2.4,215
2022-04-04 03:00:00,2.202511,11.1,-1.7,95,-1.7,95,0.3,978.2,1.8,196
2022-04-04 04:00:00,1.224684,11.1,-1.9,95,-1.9,95,0.3,977.3,1.4,204
2022-04-04 05:00:00,0.762614,10.5,-1.9,94,-1.9,94,0.6,976.3,1,236
2022-04-04 06:00:00,3.175231,10.7,-2.1,95,-2.1,95,0.7,975.6,1.3,222
2022-04-04 07:00:00,5.11477,11.5,-2.5,95,-2.5,95,0.2,975,1.1,215
2022-04-04 08:00:00,5.062636,12.4,-2.2,94,-2.2,94,0.3,974.5,1.3,190
2022-04-04 09:00:00,6.352465,13.1,-1.8,92,-1.8,92,0,974.2,1.5,224
2022-04-04 10:00:00,8.057896,13.6,-1.3,91,-1.3,91,0.7,973.8,1.1,218
2022-04-04 11:00:00,5.301539,12.8,0.8,76,0.8,76,0,973.6,0.7,336
2022-04-04 12:00:00,6.280126,12.8,0.3,73,0.3,73,0,973.5,1.5,292
2022-04-04 13:00:00,6.234791,13.1,0.7,68,0.7,68,0,973.5,1.8,306
2022-04-04 14:00:00,4.43243,13.3,1.4,63,1.4,63,0,973.5,2.1,347
2022-04-04 15:00:00,6.23711,13.3,1.8,57,1.8,57,0,973.4,2.3,341
2022-04-04 16:00:00,8.871575,13.3,1.6,57,1.6,57,0,973.3,2.3,294
2022-04-04 17:00:00,17.761528,13.3,0.5,71,0.5,71,0,973.2,3,3
2022-04-04 18:00:00,11.628596,13.8,-1.4,86,-1.4,86,0.3,973.4,2.9,272
2022-04-04 19:00:00,4.016183,14.3,-1.8,92,-1.8,92,0.5,973.3,1.2,197
2022-04-04 20:00:00,6.740179,15.5,-1.8,92,-1.8,92,0,973.4,1.3,214
2022-04-04 21:00:00,6.865844,15,-2,89,-2,89,0,973.6,1.4,175
2022-04-04 22:00:00,7.391178,15.2,-2,87,-2,87,0,973.7,1.2,197
2022-04-04 23:00:00,7.973934,14.8,-3.3,87,-3.3,87,0,973.9,0.6,187
2022-04-05 00:00:00,4.67919,17.5,-4.1,90,-4.1,90,0,974,0.2,60
2022-04-05 01:00:00,10.009673,14.5,-4.6,92,-4.6,92,0,974,1.5,83
2022-04-05 02:00:00,8.089446,12.9,-5.8,91,-5.8,91,0,974.5,0.5,210
2022-04-05 03:00:00,2.392402,12.2,-4.5,90,-4.5,90,0,974.4,1.9,219
2022-04-05 04:00:00,1.842108,12.1,-4.6,91,-4.6,91,0,974.4,1.2,231
2022-04-05 05:00:00,7.674507,11.7,-3.7,82,-3.7,82,0,974.3,1.5,204
2022-04-05 06:00:00,3.439959,10.6,-3.4,82,-3.4,82,0,974.8,2.3,260
2022-04-05 07:00:00,6.683884,11.4,-3.5,89,-3.5,89,0,974.9,1.2,284
2022-04-05 08:00:00,6.38666,11.5,-3.5,85,-3.5,85,0,975,1.5,269
2022-04-05 09:00:00,4.304272,12.3,-2.1,71,-2.1,71,0,975.3,2.9,327
2022-04-05 10:00:00,4.313741,12.5,-1.4,66,-1.4,66,0,975.6,3.4,318
2022-04-05 11:00:00,5.62144,13.6,-0.6,64,-0.6,64,0,975.9,2.7,300
2022-04-05 12:00:00,9.797491,13,0.3,55,0.3,55,0,976,2.6,329
2022-04-05 13:00:00,16.031503,12.6,1.3,51,1.3,51,0,975.9,2.8,341
2022-04-05 14:00:00,36.235167,12.6,1.4,47,1.4,47,0,976.1,3.3,343
2022-04-05 15:00:00,69.256903,12.9,1.1,48,1.1,48,0,975.8,3.1,330
2022-04-05 16:00:00,47.542973,12.4,0.9,61,0.9,61,0,975.9,4.1,294
2022-04-05 17:00:00,71.792027,12.2,0.5,67,0.5,67,0,975.4,2.6,260
2022-04-05 18:00:00,65.691877,12,0.5,69,0.5,69,0,975.1,4.6,263
2022-04-05 19:00:00,39.642627,10.5,-1.8,91,-1.8,91,0.9,975.1,3.1,317
2022-04-05 20:00:00,3.389534,10.5,-1.7,95,-1.7,95,3.4,975,2.9,305
2022-04-05 21:00:00,3.939001,10.3,-2,96,-2,96,1.5,974.5,2.7,274
2022-04-05 22:00:00,-0.404724,10.6,-2,92,-2,92,0.3,974.6,2.4,297
2022-04-05 23:00:00,2.017127,11,-1.8,91,-1.8,91,0,974.4,1.5,292
2022-04-06 00:00:00,2.007601,10.9,-2.7,89,-2.7,89,0,974.4,1.9,200
2022-04-06 01:00:00,4.568258,10.7,-2.9,89,-2.9,89,0,974.7,2.5,186
2022-04-06 02:00:00,3.597837,10.5,-3,91,-3,91,0,974.4,2.6,205
2022-04-06 03:00:00,5.089665,10.5,-2.9,92,-2.9,92,0.2,974.3,2.5,211
2022-04-06 04:00:00,4.32413,10.5,-3,89,-3,89,0,974.2,2.6,214
2022-04-06 05:00:00,1.094613,10.6,-2.5,85,-2.5,85,0,973.7,4.1,173
2022-04-06 06:00:00,4.357321,10,-2.7,83,-2.7,83,0,973.5,4.4,182
2022-04-06 07:00:00,4.375751,11,-2.8,82,-2.8,82,0,973.3,4.6,186
2022-04-06 08:00:00,5.29813,12,-2.7,85,-2.7,85,0,973.2,1.8,214
2022-04-06 09:00:00,5.96761,12.9,-2.1,88,-2.1,88,0.1,973.1,3.4,212
2022-04-06 10:00:00,2.744607,12.9,-0.6,79,-0.6,79,0.1,972.7,4.3,180
2022-04-06 11:00:00,4.474114,13,0.4,72,0.4,72,0,972.5,4.5,215
2022-04-06 12:00:00,5.155037,12.7,1.4,68,1.4,68,0,972.4,4.2,240
2022-04-06 13:00:00,3.356309,13.7,0.9,73,0.9,73,0.1,972.4,4.1,222
2022-04-06 14:00:00,2.844259,14,2.6,62,2.6,62,0,972.2,4,219
2022-04-06 15:00:00,6.304216,14.5,1.8,60,1.8,60,0,972.1,3.8,227
2022-04-06 16:00:00,6.513969,15,2.3,56,2.3,56,0,972.1,3.6,230
2022-04-06 17:00:00,6.524647,15.8,2.6,55,2.6,55,0,971.9,3.7,231
2022-04-06 18:00:00,10.92445,15.1,2.4,54,2.4,54,0,971.4,3.2,242
2022-04-06 19:00:00,21.314197,14.1,2.2,52,2.2,52,0,971.4,3.7,242
2022-04-06 20:00:00,18.521204,15.4,1.1,59,1.1,59,0,971.3,1.4,225
2022-04-06 21:00:00,17.781167,15.4,-0.3,66,-0.3,66,0,971.5,1.5,187
2022-04-06 22:00:00,17.024909,17,-0.9,68,-0.9,68,0,971.4,1.5,168
2022-04-06 23:00:00,18.282419,16.6,-1.6,69,-1.6,69,0,971.2,1.3,152
2022-04-07 00:00:00,12.777054,12,-2.3,74,-2.3,74,0,971.2,1.8,163
2022-04-07 01:00:00,6.167135,10.7,-4.5,85,-4.5,85,0,971.2,2.3,210
2022-04-07 02:00:00,5.140526,10.5,-5,84,-5,84,0,970.9,1.7,199
2022-04-07 03:00:00,3.6528,9.93,-5.9,84,-5.9,84,0,970.9,2.5,218
2022-04-07 04:00:00,4.234909,9.86,-6.9,83,-6.9,83,0,970.8,0.5,218
2022-04-07 05:00:00,1.844418,9.45,-6.8,86,-6.8,86,0,970.5,2,213
2022-04-07 06:00:00,5.687725,9.29,-7.5,86,-7.5,86,0,970.4,1.5,219
2022-04-07 07:00:00,8.462171,11.5,-8.4,86,-8.4,86,0,970.4,1,236
2022-04-07 08:00:00,27.956775,14.5,-7.3,82,-7.3,82,0,970.4,2.2,203
2022-04-07 09:00:00,46.329742,15.7,-5.7,75,-5.7,75,0,970.1,1.6,215
2022-04-07 10:00:00,58.125754,14.2,-3.7,68,-3.7,68,0,970,1.2,208
2022-04-07 11:00:00,84.605059,13.5,-0.9,57,-0.9,57,0,969.7,0.8,290
2022-04-07 12:00:00,188.083225,12.1,1.9,49,1.9,49,0,969.6,1.3,30
2022-04-07 13:00:00,78.382324,12.2,1.7,48,1.7,48,0,969.3,2.5,34
2022-04-07 14:00:00,84.866093,13.3,2.7,51,2.7,51,0,969.1,2.4,44
2022-04-07 15:00:00,81.319616,14,2.8,55,2.8,55,0,968.9,3,37
2022-04-07 16:00:00,53.153055,14.9,3.6,54,3.6,54,0,968.6,3,46
2022-04-07 17:00:00,35.735891,16.5,3.6,53,3.6,53,0,968.3,2.9,17
2022-04-07 18:00:00,30.325354,15.6,3.6,51,3.6,51,0,968,3,43
2022-04-07 19:00:00,32.179237,14.3,2.9,53,2.9,53,0,968,3.2,45
2022-04-07 20:00:00,18.392551,13.3,1.2,73,1.2,73,0,968.4,4.6,43
2022-04-07 21:00:00,12.17779,12.6,0.5,79,0.5,79,0,968.5,4.3,38
2022-04-07 22:00:00,9.321318,11.7,-0.3,61,-0.3,61,0,968.6,2.1,68
2022-04-07 23:00:00,19.979356,11.4,-1.8,68,-1.8,68,0,968.8,1.7,63
2022-04-08 00:00:00,32.944202,11.1,-1.9,67,-1.9,67,0,969,2,51
2022-04-08 01:00:00,9.925931,11.2,-2.9,71,-2.9,71,0,968.9,2.5,59
2022-04-08 02:00:00,7.272404,11.4,-2.6,70,-2.6,70,0,969.2,3.3,70
2022-04-08 03:00:00,8.129349,10.9,-3.1,73,-3.1,73,0,969.4,2.9,47
2022-04-08 04:00:00,9.141139,10.2,-4.2,74,-4.2,74,0,969.5,2.7,78
2022-04-08 05:00:00,5.64264,10.2,-5.5,76,-5.5,76,0,969.9,2.7,65
2022-04-08 06:00:00,2.487872,10.2,-5.5,76,-5.5,76,0,969.8,1.6,82
2022-04-08 07:00:00,8.841875,11,-5.5,77,-5.5,77,0,970,2.1,79
2022-04-08 08:00:00,62.077153,12.6,-3.6,76,-3.6,76,0,970.3,2.3,49
2022-04-08 09:00:00,15.950642,13.3,-2.7,72,-2.7,72,0,970.6,2,50
2022-04-08 10:00:00,12.090479,12.8,-1.6,65,-1.6,65,0,970.5,2.5,30
2022-04-08 11:00:00,14.222195,12.2,-0.8,57,-0.8,57,0,970.3,2,21
2022-04-08 12:00:00,23.204617,12.2,-0.2,54,-0.2,54,0,970.1,2.2,341
2022-04-08 13:00:00,36.139022,12.5,0.3,47,0.3,47,0,969.8,4.3,355
2022-04-08 14:00:00,42.43224,13.7,1,45,1,45,0,969.3,3.3,337
2022-04-08 15:00:00,47.516682,14.1,1.3,48,1.3,48,0,968.9,2.5,360
2022-04-08 16:00:00,40.998586,13.4,0,60,0,60,0,968.2,3,324
2022-04-08 17:00:00,36.942923,13,0.5,55,0.5,55,0,967.8,3.6,330
2022-04-08 18:00:00,25.518468,13.2,0.1,58,0.1,58,0,967.8,4,330
2022-04-08 19:00:00,20.766863,12.4,0.1,63,0.1,63,0,967.6,3.1,322
2022-04-08 20:00:00,14.946314,12.3,-0.6,79,-0.6,79,0,967,2.6,301
2022-04-08 21:00:00,4.476093,11.9,-0.8,85,-0.8,85,0.2,966.9,2.7,292
2022-04-08 22:00:00,5.864204,11.8,-0.8,91,-0.8,91,0.1,966.4,3,302
2022-04-08 23:00:00,4.393607,11.4,-0.8,88,-0.8,88,0.1,965.9,2.6,294
2022-04-09 00:00:00,3.179894,11.2,-0.6,89,-0.6,89,0.1,965.5,2.7,293
2022-04-09 01:00:00,4.684072,11.3,-0.5,90,-0.5,90,0,965.5,2.3,305
2022-04-09 02:00:00,5.109574,11.3,-0.6,93,-0.6,93,0.2,965.7,1.9,308
2022-04-09 03:00:00,4.536338,10.6,-0.3,89,-0.3,89,0.1,965.8,2.1,268
2022-04-09 04:00:00,3.636248,10.8,0.1,87,0.1,87,0,966,2.3,285
2022-04-09 05:00:00,-0.096779,11.1,0.3,89,0.3,89,0,966.3,2.1,289
2022-04-09 06:00:00,2.386988,11.2,0.3,89,0.3,89,0,966.7,2.1,297
2022-04-09 07:00:00,1.691104,11.9,0.6,89,0.6,89,0,967.1,2.1,289
2022-04-09 08:00:00,-0.041902,12.3,0.9,85,0.9,85,0,967.6,2.9,300
2022-04-09 09:00:00,5.312267,13.4,0.7,91,0.7,91,0,968.2,4.5,277
2022-04-09 10:00:00,7.624331,14,1,89,1,89,0.2,968.8,4.5,276
2022-04-09 11:00:00,6.205423,14.7,2.1,80,2.1,80,0,969.2,3.2,277
2022-04-09 12:00:00,3.852209,15.2,2.4,77,2.4,77,0,969.7,4.6,260
2022-04-09 13:00:00,9.795983,14.7,2.1,85,2.1,85,0.4,970.1,3.5,272
2022-04-09 14:00:00,5.992174,15.1,2.4,82,2.4,82,0,970.5,3.2,258
2022-04-09 15:00:00,4.883865,14.4,2.8,84,2.8,84,0,970.9,3.9,221
2022-04-09 16:00:00,5.06016,13.6,2,87,2,87,0.1,971.2,2.7,314
2022-04-09 17:00:00,6.864341,13.8,2.7,88,2.7,88,0.6,971.4,3,230
2022-04-09 18:00:00,6.821429,12.9,3.1,81,3.1,81,0,971.8,4,253
2022-04-09 19:00:00,7.098544,13.5,2.7,87,2.7,87,0.3,972.2,3.1,253
2022-04-09 20:00:00,5.893616,12.4,2.7,83,2.7,83,0,972.5,2.6,273
2022-04-09 21:00:00,1.201474,12.1,1.5,91,1.5,91,0,973,3.1,219
2022-04-09 22:00:00,3.859644,12.3,1.3,93,1.3,93,0.1,973.4,2.5,228
2022-04-09 23:00:00,4.349709,12.9,1.6,92,1.6,92,0,974.1,2.3,220
2022-04-10 00:00:00,2.191424,12.4,1.6,91,1.6,91,0,974.7,1.6,215
2022-04-10 01:00:00,6.709422,12.1,1.6,90,1.6,90,0,975.3,2.6,216
2022-04-10 02:00:00,4.725496,12.1,1.7,89,1.7,89,0,975.7,2.6,232
2022-04-10 03:00:00,3.851612,12.4,1.8,89,1.8,89,0,976.2,3.2,232
2022-04-10 04:00:00,1.057753,13.1,2.3,84,2.3,84,0,976.4,3.2,202
2022-04-10 05:00:00,-2.413055,12.1,2.2,85,2.2,85,0,976.6,4.2,232
2022-04-10 06:00:00,0.352854,12,1.7,89,1.7,89,0.3,977,3.7,224
2022-04-10 07:00:00,3.195142,12.2,1.9,91,1.9,91,0.4,977.5,3.7,234
2022-04-10 08:00:00,0.130536,12.7,2.2,89,2.2,89,0,977.7,3.8,215
2022-04-10 09:00:00,0.339749,13,2.2,89,2.2,89,0.7,978.4,3.3,241
2022-04-10 10:00:00,3.530229,13.2,3.3,84,3.3,84,1.1,978.5,5.2,246
2022-04-10 11:00:00,3.596932,14,3.3,87,3.3,87,0.6,979.1,5.4,254
2022-04-10 12:00:00,8.659801,14.6,4.1,83,4.1,83,0.5,979.7,5.3,248
2022-04-10 13:00:00,9.137578,13.9,4,78,4,78,0,980.6,7.8,275
