Time,torget_pm25_nilu,torget_pm25_iot,torget_opctemp_iot,torget_opchum_iot,air_temperature,relative_humidity,precipitation,air_pressure,wind_speed,wind_direction
2021-12-17 17:00:00,-0.766424,0.927,9.73,99.9,7.9,92,0,1012.4,3.9,210
2021-12-17 18:00:00,-0.530052,1.38,9.55,99.9,7.9,93,0,1012,4.1,214
2021-12-17 19:00:00,2.494062,2.26,9.17,99.9,8.1,92,0,1011.8,5,233
2021-12-17 20:00:00,2.574609,1.68,9,99.9,8,94,1.1,1011.6,5.1,225
2021-12-17 21:00:00,4.992708,1.62,9.02,99.9,8.2,93,1.1,1011.7,6.5,232
2021-12-17 22:00:00,3.043473,0.845,9.04,99.9,8,94,0.2,1011.6,5.6,226
2021-12-17 23:00:00,-1.318435,1.04,9.19,99.9,8.2,93,0.2,1011.1,6.1,226
2021-12-18 00:00:00,3.662609,1.13,9.27,99.9,8.2,,0.5,1010.9,5.9,227
2021-12-18 01:00:00,0.203976,0.64,9.43,99.9,8.4,93,0.1,1010.7,6,234
2021-12-18 02:00:00,0.932666,0.323,9.47,99.9,8.5,94,1.5,1010.3,5.4,235
2021-12-18 03:00:00,1.850935,0.22,9.51,99.9,8.8,91,2.6,1010.1,6.6,237
2021-12-18 04:00:00,-3.230119,0.269,9.64,99.9,8.6,92,2.1,1009.4,6.3,239
2021-12-18 05:00:00,1.569751,0.33,9.59,99.9,8.5,92,1.6,1008.8,6.5,238
2021-12-18 06:00:00,3.571692,0.428,9.55,99.9,8.4,91,1.1,1008.5,6.9,238
2021-12-18 07:00:00,2.684261,0.333,9.76,99.9,8.9,90,0.6,1007.8,8,242
2021-12-18 08:00:00,0.954813,0.362,9.5,99.9,8.2,90,0.2,1007.7,7.7,240
2021-12-18 09:00:00,0.426151,0.838,9.13,99.9,8.2,90,0.2,1007.2,8.8,237
2021-12-18 10:00:00,0.377881,1.18,9.05,99.9,8,86,0,1007.1,8.5,249
2021-12-18 11:00:00,4.147548,0.793,8.69,99.9,8.1,83,0,1006.3,9,247
2021-12-18 12:00:00,0.059458,0.509,8.8,99.9,7.7,82,0,1005.1,9.9,247
2021-12-18 13:00:00,-2.771932,0.39,9.14,99.9,8.1,78,0,1004,11.5,243
2021-12-18 14:00:00,1.722455,0.465,9.13,99.9,8.2,78,0,1003.6,10.5,247
2021-12-18 15:00:00,1.729416,0.582,8.27,99.9,7.6,83,0,1003.4,10.5,254
2021-12-18 16:00:00,2.680378,1.19,7.26,99.9,6.9,86,1.2,1002.2,10.3,252
2021-12-18 17:00:00,-1.539085,0.72,6.01,99.9,4.9,91,5.1,1003.9,6.3,294
2021-12-18 18:00:00,0.378508,1.09,6.08,99.9,4.5,92,2.1,1004,4.5,288
2021-12-18 19:00:00,-0.314717,2.1,6.12,99.9,4.7,93,0.6,1003.7,4.4,286
2021-12-18 20:00:00,2.727115,3.1,5.75,99.9,4.2,89,0.4,1004.2,4.1,293
2021-12-18 21:00:00,0.778127,2.93,5.42,99.9,4.6,74,0,1003.8,6.1,273
2021-12-18 22:00:00,0.091803,2.46,4.71,99.9,3,85,0.5,1004.1,5.2,292
2021-12-18 23:00:00,-1.522639,2.79,4.59,99.9,3.2,78,0.5,1003.5,6.3,265
2021-12-19 00:00:00,2.030624,2.47,4.3,99.9,2.6,85,0.9,1003.8,3.8,296
2021-12-19 01:00:00,4.597027,1.68,3.43,99.9,3.1,74,0.2,1004.3,6.7,296
2021-12-19 02:00:00,-1.391066,1.85,3.38,99.9,1.5,87,0.5,1004.5,6.3,271
2021-12-19 03:00:00,0.595648,1.2,3.27,99.9,2,82,0.2,1004.6,6.4,284
2021-12-19 04:00:00,-1.680729,1.15,3.17,99.9,1.5,90,0.7,1004.9,5,279
2021-12-19 05:00:00,-1.68345,1.52,3.18,99.9,1.5,84,0.2,1005.6,3.9,289
2021-12-19 06:00:00,0.377803,1.67,3.49,99.9,1.5,85,0,1006.1,4.2,298
2021-12-19 07:00:00,-2.231855,1.89,3.85,99.9,2.1,85,0.2,1006.2,5.1,289
2021-12-19 08:00:00,-1.609131,1.5,3.91,99.9,2.1,85,0.2,1006.8,4.6,293
2021-12-19 09:00:00,1.231016,1.63,4.17,99.9,2.3,84,0,1007.5,4.5,273
2021-12-19 10:00:00,5.963251,0.9,4.04,99.9,2.1,87,0.1,1008.2,4.8,272
2021-12-19 11:00:00,4.400143,1.46,4.38,99.9,2.3,84,0.1,1008.7,4.3,270
2021-12-19 12:00:00,3.272182,2.28,4.47,99.9,2.7,85,0.1,1008.4,4.2,254
2021-12-19 13:00:00,0.132845,2.59,4.6,99.9,3.3,85,0.1,1008.1,4.5,258
2021-12-19 14:00:00,3.13395,2.61,4.79,99.9,2.9,89,2.7,1008.1,4.1,313
2021-12-19 15:00:00,1.741012,3.4,4.9,99.9,3.8,86,0.2,1008.5,5.1,302
2021-12-19 16:00:00,8.957287,3.72,4.7,99.9,3.9,84,0.4,1008.9,2.9,297
2021-12-19 17:00:00,3.825826,2.92,5,99.9,3.8,82,0.1,1009.1,3.3,304
2021-12-19 18:00:00,7.250572,3.38,5.15,99.9,3.8,80,0,1009.1,2.8,319
2021-12-19 19:00:00,6.982184,3.38,5.18,99.9,3.8,77,0,1009.7,3.3,317
2021-12-19 20:00:00,6.269812,3.11,4.74,99.9,4,75,0,1010.3,2.6,344
2021-12-19 21:00:00,7.33756,3.64,4.48,99.9,2.8,82,0,1010.5,1.9,273
2021-12-19 22:00:00,6.626751,3.08,4.62,99.9,3.1,84,0,1010.8,2.2,287
2021-12-19 23:00:00,3.042366,2.41,4.82,99.9,3.1,81,0,1010.7,2.2,249
2021-12-20 00:00:00,3.768136,1.89,4.6,99.9,3.1,84,0.1,1010.9,3.1,273
2021-12-20 01:00:00,2.719922,2.14,4.97,99.9,3.4,85,0,1011,2.3,305
2021-12-20 02:00:00,1.616179,1.76,4.43,99.9,3.4,85,0,1011.2,1.8,313
2021-12-20 03:00:00,3.073278,1.91,4.29,99.9,3.2,83,0,1011.4,2.8,265
2021-12-20 04:00:00,4.279014,1.98,4.36,99.9,2.8,84,0,1011.5,2.2,292
2021-12-20 05:00:00,4.258722,1.6,4.48,99.9,2.5,84,0,1011.6,1.7,288
2021-12-20 06:00:00,2.389016,1.88,4.5,99.9,2.3,83,0,1011.6,0.2,42
2021-12-20 07:00:00,4.350459,2.22,3.95,99.9,1.5,86,0,1011.8,0.4,205
2021-12-20 08:00:00,7.413984,2.84,3.4,99.9,1.8,85,0,1011.9,1.4,146
2021-12-20 09:00:00,7.598556,3.35,3.23,99.9,2,85,0,1012.1,1.4,188
2021-12-20 10:00:00,2.572737,3.92,3.34,99.9,1.9,86,0,1012,1.8,198
2021-12-20 11:00:00,5.957186,3.69,2.93,99.9,1.6,88,0,1012.1,1.7,191
2021-12-20 12:00:00,7.340166,3.56,3.25,99.9,1.6,89,0,1011.7,2.2,203
2021-12-20 13:00:00,2.739311,4.17,3.16,99.9,1.7,89,0,1011.7,1.8,207
2021-12-20 14:00:00,6.046649,4.8,2.8,99.9,1.4,92,0.1,1011.3,2.8,188
2021-12-20 15:00:00,2.327995,5.28,2.48,99.9,1,92,0,1011.1,1.7,213
2021-12-20 16:00:00,7.309408,6.21,2.32,99.9,1.2,91,0,1011.1,2.6,191
2021-12-20 17:00:00,,5.95,2.4,99.9,1.3,89,0,1010.6,2.3,201
2021-12-20 18:00:00,,6.11,2.53,99.9,1.3,89,0,1010.2,2.1,204
2021-12-20 19:00:00,,5.3,2.84,99.9,1.3,88,0,1009.8,2.7,213
2021-12-20 20:00:00,7.28475,5.8,2.63,99.9,0.8,92,0.1,1009.5,2.3,215
2021-12-20 21:00:00,5.462284,6.79,2.4,99.9,0.8,94,0.5,1009.3,1.4,193
2021-12-20 22:00:00,6.903447,7.38,2.41,99.9,0.7,94,0,1009,1.1,211
2021-12-20 23:00:00,8.544237,6.17,2.06,99.9,0.7,95,0.1,1008.3,1,209
2021-12-21 00:00:00,6.207929,4.24,2.4,99.9,0.4,96,0.1,1007.8,1.8,221
2021-12-21 01:00:00,5.296253,3.51,2.44,99.9,0.4,96,0.1,1007.4,2,220
2021-12-21 02:00:00,1.148386,2.57,2.78,99.9,0.4,96,0,1007,1.5,223
2021-12-21 03:00:00,2.021672,2.7,2.63,99.9,0.4,97,0.1,1006.7,1.6,227
2021-12-21 04:00:00,4.19782,2.42,2.42,99.9,0.8,97,0.1,1006.1,1.5,200
2021-12-21 05:00:00,1.598209,1.85,2.35,99.9,0.7,96,0.1,1005.5,1.8,207
2021-12-21 06:00:00,1.822905,1.43,2.56,99.9,0.1,97,0,1005.2,2.2,229
2021-12-21 07:00:00,0.251511,1.81,2.54,99.9,0.7,96,0.1,1004.8,2.6,178
2021-12-21 08:00:00,3.13037,2.22,2.56,99.9,0.2,95,0,1004.6,1.1,231
2021-12-21 09:00:00,2.070302,2.53,2.41,99.9,0.6,90,0.2,1004.5,2.5,207
2021-12-21 10:00:00,6.427824,2.66,2.05,99.9,0.7,86,0,1004.5,1.8,214
2021-12-21 11:00:00,1.915813,2.52,2.21,99.9,0.7,84,0,1004.1,2.9,209
2021-12-21 12:00:00,2.75975,3.67,3.33,99.9,0.8,83,0,1003.8,2,212
2021-12-21 13:00:00,3.105135,2.36,3.93,99.9,1,80,0,1003.4,1.5,196
2021-12-21 14:00:00,5.24737,2.1,4.13,99.9,1,78,0,1003.3,1.7,197
2021-12-21 15:00:00,4.430788,2.73,3.43,99.9,0.4,82,0,1003.1,1,226
2021-12-21 16:00:00,3.259864,2.94,,,0.4,82,0,1002.7,0.8,145
2021-12-21 17:00:00,6.338284,3.37,2.63,99.9,0.2,87,0.3,1002.4,2.3,180
2021-12-21 18:00:00,6.804067,3.92,2.33,99.9,0.2,89,0.3,1002.2,2.7,190
2021-12-21 19:00:00,7.335091,2.76,1.94,99.9,0.1,91,0.5,1001.9,4.2,190
2021-12-21 20:00:00,3.645567,2.45,2.73,99.9,0.2,91,0.3,1002,3.1,201
2021-12-21 21:00:00,2.048598,2.29,3.03,99.9,0.4,88,0.1,1001.9,1.3,189
2021-12-21 22:00:00,2.886062,2.13,3.01,99.9,0.4,89,0.1,1001.9,1.3,212
2021-12-21 23:00:00,1.922339,1.16,3.24,99.9,0.4,88,0,1002,1.2,317
2021-12-22 00:00:00,1.726461,1.71,3.19,99.9,-0.2,92,0,1002.1,0.8,43
2021-12-22 01:00:00,3.398623,1.66,3.07,99.9,-0.1,91,0,1002.2,0.8,38
2021-12-22 02:00:00,7.27718,1.32,3.13,99.9,-0.7,94,0,1002.3,0.7,62
2021-12-22 03:00:00,6.641594,2.71,3.02,99.9,-1,94,0,1002.2,0.5,132
2021-12-22 04:00:00,3.057897,2.51,3.25,99.9,-1.1,94,0,1002.4,0.3,311
2021-12-22 05:00:00,4.147659,1.93,3.24,99.9,-1,93,0,1002.3,0.6,204
2021-12-22 06:00:00,3.167283,1.74,2.52,99.9,-0.8,93,0,1002.3,0.3,206
2021-12-22 07:00:00,2.763193,1.58,2.62,99.9,-1.1,93,0,1002.4,0.1,349
2021-12-22 08:00:00,1.296163,3.85,2.13,99.9,-1,94,0,1002.5,0.9,215
2021-12-22 09:00:00,7.550973,3.82,2.17,99.9,-1.4,94,0,1002.6,0.9,138
2021-12-22 10:00:00,8.394854,2.12,0.939,99.9,-1.9,93,0,1002.5,0.9,61
2021-12-22 11:00:00,10.163098,2.63,1.03,99.9,-2.7,94,0,1002.5,1,51
2021-12-22 12:00:00,8.02571,5.4,0.348,99.9,-3.3,94,0,1002.6,0.7,182
2021-12-22 13:00:00,18.366331,8.74,-0.3,99.9,-3.6,95,0,1002.6,0.4,179
2021-12-22 14:00:00,16.987207,11.6,-0.86,99.9,-4.1,95,0,1002.2,1,200
2021-12-22 15:00:00,18.004436,10.3,-1.3,99.9,-3.8,95,0,1002,1.4,194
2021-12-22 16:00:00,17.329512,10.2,-1.6,99.9,-4.2,93,0,1001.7,1.7,191
2021-12-22 17:00:00,12.317233,7.26,-1.9,99.9,-4.3,90,0,1001.7,2.1,221
2021-12-22 18:00:00,12.484619,8.83,-2.7,99.9,-5.1,90,0,1001.2,1.6,197
2021-12-22 19:00:00,15.139024,6.63,-3,99.9,-4.9,87,0,1001,2.1,191
2021-12-22 20:00:00,11.104306,8.47,-3.2,99.9,-5.2,87,0,1000.8,1.6,201
2021-12-22 21:00:00,12.255778,7.32,-3.7,99.9,-6.2,88,0,1000.5,1.6,198
2021-12-22 22:00:00,15.65476,6.26,-4,99.9,-6.2,90,0,1000,2.8,219
2021-12-22 23:00:00,11.564574,5.05,-4.4,99.9,-6.9,90,0,999.6,2.5,215
2021-12-23 00:00:00,8.173721,4.94,-4.6,99.9,-6.3,88,0,999.2,2.5,206
2021-12-23 01:00:00,8.432358,3.46,-4.8,99.9,-6.7,87,0,998.6,2.7,217
2021-12-23 02:00:00,5.70083,2.7,-4.8,99.9,-7.1,87,0,997.8,2.8,213
2021-12-23 03:00:00,3.929961,1.87,-4.4,99.9,-7.4,89,0,997,3.2,216
2021-12-23 04:00:00,-0.505989,1.7,-3.3,99.9,-6.7,89,0,996,3.8,217
2021-12-23 05:00:00,4.215471,1.61,-2.7,99.9,-5.4,89,0,995.2,3.1,222
2021-12-23 06:00:00,3.265286,1.71,-2.1,99.9,-4.4,91,0,993.9,3.3,222
2021-12-23 07:00:00,0.254489,1.95,-1.8,99.9,-3.2,91,0,992.9,3.3,212
2021-12-23 08:00:00,3.919653,1.96,-1.7,99.9,-2.3,92,0,991.8,3.4,201
2021-12-23 09:00:00,3.38045,2.19,-1.1,99.9,-2.1,92,0,990.7,3.4,197
2021-12-23 10:00:00,2.526085,1.73,0.213,99.9,-1.5,91,0,989.4,4.1,196
2021-12-23 11:00:00,3.16443,1.47,1.28,99.9,-1.1,91,0,987.4,3.8,202
2021-12-23 12:00:00,0.540083,0.703,1.44,99.9,-0.3,94,0.6,985.9,4.7,215
2021-12-23 13:00:00,1.186589,0.765,2.29,99.9,0.1,96,0.4,984.5,3.7,221
2021-12-23 14:00:00,-0.274762,0.735,1.27,99.9,0.1,97,0.2,984.5,2.8,262
2021-12-23 15:00:00,-1.62112,2.43,0.5,99.9,-0.6,85,0.1,984.9,3.9,8
2021-12-23 16:00:00,2.753045,2.14,0.0417,99.9,-1.5,87,0.3,985.3,4,18
2021-12-23 17:00:00,1.796412,1.76,-0.81,99.9,-2,80,0,985.8,4.3,6
2021-12-23 18:00:00,2.61573,1.01,-1.5,99.9,-2.7,67,0.3,986,4.8,28
2021-12-23 19:00:00,-3.192919,0.458,-2.1,99.9,-4.1,75,0,986.7,2.7,11
2021-12-23 20:00:00,-0.598176,0.318,-2.4,99.9,-4.5,68,0,986.9,2.4,31
2021-12-23 21:00:00,3.109312,1.34,-3.3,99.9,-4.9,57,0,987.4,3,47
2021-12-23 22:00:00,4.498257,7.05,-4.9,99.9,-8,72,0,987.6,0.6,144
2021-12-23 23:00:00,14.284499,5.11,-5.2,99.9,-7.7,78,0,988,1.3,213
2021-12-24 00:00:00,10.626598,4.22,-5.2,99.9,-7.7,79,0,988.2,0.3,29
2021-12-24 01:00:00,6.050858,3.98,-5.5,99.9,-7.8,82,0,989.1,0.7,240
2021-12-24 02:00:00,8.588619,3.34,-6.4,99.9,-9.5,78,0,989.6,0.4,260
2021-12-24 03:00:00,6.991835,2.67,-7.2,99.9,-7.6,70,0,990,2.3,91
2021-12-24 04:00:00,5.749459,1.89,-7.9,99.9,-8.2,72,0,990.6,1.9,112
2021-12-24 05:00:00,4.98603,1.22,-8.2,99.9,-10.4,81,0,991.2,2.1,204
2021-12-24 06:00:00,1.537493,1.01,-8.4,99.9,-10.2,84,0,991.3,3,203
2021-12-24 07:00:00,5.241983,1.01,-8.5,99.9,-9.8,85,0,991.3,2.9,214
2021-12-24 08:00:00,2.301554,1.23,-8.1,99.9,-9.6,84,0,991.1,3.3,215
2021-12-24 09:00:00,4.3765,1.62,-7.8,99.9,-9.5,81,0,990.7,4.3,215
2021-12-24 10:00:00,3.337286,1.67,-7.1,99.9,-8.6,74,0,989.7,4.4,195
2021-12-24 11:00:00,1.278765,1.8,-6.7,99.9,-8.5,70,0,989.3,4.6,214
2021-12-24 12:00:00,3.854644,1.87,-5.6,99.9,-6.9,69,0,988.1,5.6,190
2021-12-24 13:00:00,7.100832,1.89,-5.3,99.9,-6.9,80,0,987.6,3.9,209
2021-12-24 14:00:00,5.502755,1.79,-4.4,99.9,-6.3,86,0.1,987.4,4.2,194
2021-12-24 15:00:00,2.539684,2.09,-3.8,99.9,-5.7,91,0.9,987.3,3.4,204
2021-12-24 16:00:00,0.271989,2.11,-3.2,99.9,-5.1,90,0.1,987.3,3.5,220
2021-12-24 17:00:00,5.711654,2.77,-3.3,99.9,-4.6,90,0,987.5,1.7,218
2021-12-24 18:00:00,2.321202,3.55,-3.2,99.9,-4.4,90,0,987.9,1.5,204
2021-12-24 19:00:00,5.636168,3.71,-3.9,99.9,-4.6,91,0,988.4,2.2,213
2021-12-24 20:00:00,6.656128,3.31,-4.5,99.9,-5.2,92,0,988.6,2.3,197
2021-12-24 21:00:00,3.73126,2.58,-4.5,99.9,-4.7,89,0,988.8,2.7,191
2021-12-24 22:00:00,4.909879,2.39,-3.8,99.9,-5,89,0,988.9,2.5,196
2021-12-24 23:00:00,2.709865,2.17,-3.2,99.9,-4,88,0,989,3.4,204
2021-12-25 00:00:00,4.972467,1.66,-3.1,99.9,-3.9,89,0,988.6,3.7,190
2021-12-25 01:00:00,2.037523,1.79,-2,99.9,-3.9,91,0,988.7,3.5,208
2021-12-25 02:00:00,0.344839,1.65,-1.2,99.9,-3,92,0.4,988.7,2.8,210
2021-12-25 03:00:00,1.161272,2,-0.6,99.9,-2.2,92,0,988.6,2.3,223
2021-12-25 04:00:00,2.668155,2.07,-0.44,99.9,-1.8,87,0,988.8,2.4,220
2021-12-25 05:00:00,3.417301,1.91,-0.36,99.9,-1.7,93,0.4,988.8,2.6,243
2021-12-25 06:00:00,1.985983,1.86,0.433,99.9,-1.3,88,0.1,988.7,1.5,284
2021-12-25 07:00:00,-0.807532,1.59,0.55,99.9,-1.5,91,0,988.5,1.8,260
2021-12-25 08:00:00,-1.296134,2.16,0.632,99.9,-0.8,83,0,988.7,2.9,297
2021-12-25 09:00:00,1.75024,2.16,0.521,99.9,-0.9,81,0.1,988.5,2.5,280
2021-12-25 10:00:00,-2.053649,2.19,0.762,99.9,-1.4,90,0,988.3,2.1,272
2021-12-25 11:00:00,2.702851,2.14,0.737,99.9,-1.1,90,0,988.6,0.7,354
2021-12-25 12:00:00,5.862516,1.81,0.737,99.9,-1.4,92,0.3,988.7,1.8,252
2021-12-25 13:00:00,3.899154,1.44,0.93,99.9,-0.4,80,0,988.5,3.7,289
2021-12-25 14:00:00,-0.029671,1.18,0.908,99.9,-0.2,81,0,988.8,4.2,290
2021-12-25 15:00:00,-1.240327,1.15,0.533,99.9,-0.5,85,0,989.4,4,290
2021-12-25 16:00:00,6.25187,1.34,0.596,99.9,-1.2,90,0.2,989.4,3,294
2021-12-25 17:00:00,3.470299,1.27,0.804,99.9,-1.1,94,0.4,989.5,2.1,292
2021-12-25 18:00:00,-0.516257,1.7,0.86,99.9,-0.8,91,0,989.6,1.9,267
2021-12-25 19:00:00,1.745633,1.04,0.825,99.9,-1,94,0.4,989.6,2.1,295
2021-12-25 20:00:00,-0.135897,0.787,0.796,99.9,-0.9,84,0,989.8,3.4,295
2021-12-25 21:00:00,2.712148,0.774,0.8,99.9,-0.9,92,0.1,990.2,2.3,278
2021-12-25 22:00:00,4.976735,0.974,0.875,99.9,-1,87,0,990.3,2.4,253
2021-12-25 23:00:00,1.009439,1.47,0.556,99.9,-0.4,80,0,990.3,1.8,177
2021-12-26 00:00:00,-0.526904,1.13,0.321,99.9,-0.9,89,0,990.6,2.7,230
2021-12-26 01:00:00,1.611862,1.5,0.0917,99.9,-0.7,85,0,990.7,2.2,201
2021-12-26 02:00:00,6.320669,1.81,0.208,99.9,-0.7,88,0,991,2,211
2021-12-26 03:00:00,2.95297,1.83,0.425,99.9,-1,92,0,991.1,2.6,221
2021-12-26 04:00:00,-0.329931,2.82,0.38,99.9,-1.1,94,0.1,991,1.7,196
2021-12-26 05:00:00,0.99753,2.52,0.5,99.9,-0.9,94,0.1,991.2,1.8,207
2021-12-26 06:00:00,0.135621,2.56,0.608,99.9,-0.8,94,0.1,991.1,1.6,197
2021-12-26 07:00:00,4.539764,3.19,0.509,99.9,-0.9,94,0.1,990.9,1.1,207
2021-12-26 08:00:00,2.680115,2.88,0.496,99.9,-0.8,94,0.2,990.8,1.4,191
2021-12-26 09:00:00,1.754552,3.52,0.512,99.9,-0.8,94,0.1,991,1.3,216
2021-12-26 10:00:00,1.870889,5.01,0.479,99.9,-0.9,95,0.4,991.1,1.2,213
2021-12-26 11:00:00,0.093487,6.16,0.504,99.9,-0.5,95,0.3,991,1.8,165
2021-12-26 12:00:00,8.376328,8.62,0.526,99.9,-0.9,95,0.1,990.8,2.1,218
2021-12-26 13:00:00,5.788212,5.4,0.575,99.9,-0.2,95,0,990.6,2.7,187
2021-12-26 14:00:00,4.813478,5.92,0.537,99.9,0,95,0,990.4,2.7,193
2021-12-26 15:00:00,4.464148,5.17,0.529,99.9,-0.2,94,0,990.6,2.8,199
2021-12-26 16:00:00,6.042325,2.4,0.6,99.9,-0.1,94,0,990.5,3.6,213
2021-12-26 17:00:00,4.992263,2.9,0.596,99.9,-0.3,94,0.1,990.4,3.7,193
2021-12-26 18:00:00,6.659428,3.1,0.575,99.9,-0.3,90,0,990.3,3.3,197
2021-12-26 19:00:00,2.858337,3.36,0.58,99.9,-0.4,92,0,990.4,3.3,212
2021-12-26 20:00:00,1.629838,5.08,0.533,99.9,-0.3,94,0,990.6,2.9,210
2021-12-26 21:00:00,-0.414018,3.6,0.467,99.9,-0.1,93,0,990.6,3.7,188
2021-12-26 22:00:00,2.49826,2.08,0.564,99.9,0.1,91,0,991,3.3,208
2021-12-26 23:00:00,2.018504,2.36,0.675,99.9,0,91,0,991.3,2.4,205
2021-12-27 00:00:00,4.25301,2.2,0.708,99.9,-0.1,92,0,991.3,2.8,190
2021-12-27 01:00:00,0.124934,1.6,0.644,99.9,-0.2,93,0,991.3,2.8,200
2021-12-27 02:00:00,3.536741,1.23,0.625,99.9,0,89,0,991.5,2.7,191
2021-12-27 03:00:00,-2.91549,0.991,0.425,99.9,-0.2,86,0,991.5,2.7,195
2021-12-27 04:00:00,1.251867,0.818,0.168,99.9,-0.5,86,0,991.3,2.5,202
2021-12-27 05:00:00,0.6689,0.524,-0.19,99.9,-2.2,88,0,991.2,2,232
2021-12-27 06:00:00,0.66026,0.603,-0.31,99.9,-3.2,93,0,990.9,2.5,224
2021-12-27 07:00:00,0.057909,0.84,-0.71,99.9,-3.4,91,0,990.8,3.6,227
2021-12-27 08:00:00,0.915868,1.15,-1.2,99.9,-4.1,90,0,990.7,4,228
2021-12-27 09:00:00,1.074503,2.22,-1.5,99.9,-3.8,86,0,990.6,3.1,225
2021-12-27 10:00:00,8.21099,3.23,-2.2,99.9,-4.5,88,0,990.6,1.8,218
2021-12-27 11:00:00,7.43885,3.41,-2.2,99.9,-4.6,86,0,990.4,1.6,204
2021-12-27 12:00:00,7.961269,5.77,-2.1,99.9,-5.4,89,0,989.8,0.4,252
2021-12-27 13:00:00,11.953653,7.99,-2.3,99.9,-4.8,86,0,989.2,1.1,206
2021-12-27 14:00:00,12.379488,7.87,-3,99.9,-4.3,85,0,988.8,1.4,88
2021-12-27 15:00:00,14.497569,10.5,-3.6,99.9,-4.6,76,0,988.5,2,118
2021-12-27 16:00:00,22.470505,12.8,-3.9,99.9,-6.8,86,0,988.2,0.4,125
2021-12-27 17:00:00,22.836012,13.3,-3.9,99.9,-6,83,0,987.7,0.7,151
2021-12-27 18:00:00,27.472883,16.3,-3.8,99.9,-5.7,83,0,987.4,1,198
2021-12-27 19:00:00,32.165569,15.2,-3.8,99.9,-6.1,79,0,987.1,0.2,52
2021-12-27 20:00:00,30.742088,13.9,-3.9,99.9,-5.8,79,0,986.8,0.9,166
2021-12-27 21:00:00,28.5238,15,-3.8,99.9,-5.9,80,0,986.5,0.4,95
2021-12-27 22:00:00,25.03232,13.1,-4.2,99.9,-6.3,79,0,986.3,0.6,239
2021-12-27 23:00:00,29.509899,9.42,-4.5,99.9,-6.5,74,0,985.9,0.3,146
2021-12-28 00:00:00,24.522188,6.83,-4.9,99.9,-6.5,77,0,985.6,1,78
2021-12-28 01:00:00,16.368635,6.45,-5.5,99.9,-5.2,67,0,985,0.8,166
2021-12-28 02:00:00,14.011578,4.08,-5.8,99.9,-6.7,68,0,984.6,0.8,8
2021-12-28 03:00:00,7.492363,2.47,-6.3,99.9,-7.3,72,0,984.3,0.4,82
2021-12-28 04:00:00,5.930347,1.58,-6.5,99.9,-5.7,66,0,983.9,1,115
2021-12-28 05:00:00,3.726949,1.13,-6.5,99.9,-7.5,70,0,983.4,0.4,298
2021-12-28 06:00:00,0.839575,1.05,-6.8,99.9,-7.9,72,0,982.8,0.2,55
2021-12-28 07:00:00,4.524272,1.54,-6.9,99.9,-7.5,70,0,982.6,0.7,90
2021-12-28 08:00:00,4.02584,2.63,-6.9,99.9,-8.3,71,0,982.1,0.5,211
2021-12-28 09:00:00,6.119029,4.64,-6.7,99.9,-8,72,0,982.4,0.6,74
2021-12-28 10:00:00,11.811143,8.17,-6.2,99.9,-7.9,70,0,982.3,0.9,185
2021-12-28 11:00:00,17.035032,9.83,-5.7,99.9,-8.3,72,0,982.2,0.4,250
2021-12-28 12:00:00,19.06662,11.3,-4.8,99.9,-7.7,72,0,982.1,0.2,307
2021-12-28 13:00:00,25.030886,14.1,-4.4,99.9,-7.1,76,0,982.1,0.4,114
2021-12-28 14:00:00,31.315941,12.4,-4.3,99.9,-8.5,79,0,982,0.6,165
2021-12-28 15:00:00,32.240158,11.2,-4.4,99.9,-8.5,84,0,982,0.4,171
2021-12-28 16:00:00,22.749481,12,-4.1,99.9,-8.6,84,0,982.3,0.2,54
2021-12-28 17:00:00,28.596041,14.4,-4.4,99.9,-8.1,84,0,982.4,0.7,220
2021-12-28 18:00:00,29.466469,15.3,-4.7,99.9,-7.6,79,0,982.5,1.3,197
2021-12-28 19:00:00,28.235117,17.1,-4.5,99.9,-9.7,84,0,982.6,0.9,215
2021-12-28 20:00:00,32.173725,16.3,-4.2,99.9,-7.7,83,0,982.6,0.7,118
2021-12-28 21:00:00,33.369858,13.9,-3.6,99.9,-7.4,81,0,983,0.8,224
2021-12-28 22:00:00,25.717066,13.1,-3.6,99.9,-7,82,0,983,0.8,54
2021-12-28 23:00:00,24.777103,13,-3,99.9,-7,78,0,982.9,0.7,95
2021-12-29 00:00:00,31.212263,12.3,-2.3,99.9,-6.4,82,0,982.9,1.3,74
2021-12-29 01:00:00,25.622244,12.7,-2.2,99.9,-6.5,81,0,983,1.2,209
2021-12-29 02:00:00,22.337563,9.44,-2.4,99.9,-6.3,82,0,983.2,0.1,355
2021-12-29 03:00:00,16.272524,7.65,-3.1,99.9,-7.7,84,0,983.4,0.4,222
2021-12-29 04:00:00,15.439795,6.56,-3.5,99.9,-7.8,87,0,983.5,1.1,205
2021-12-29 05:00:00,11.076646,4.66,-4.3,99.9,-8.8,86,0,983.4,0.9,168
2021-12-29 06:00:00,12.228709,3.3,-2.9,99.9,-8.2,90,0,983.4,1,199
2021-12-29 07:00:00,7.458694,2.71,-2.7,99.9,-6.7,86,0,983.2,1,116
2021-12-29 08:00:00,7.519052,3.33,-2.4,99.9,-7.1,85,0,983.2,0.8,73
2021-12-29 09:00:00,5.856678,4.69,-2.4,99.9,-7,88,0,983.5,1.4,99
2021-12-29 10:00:00,11.698776,6.66,-1.8,99.9,-7,89,0,983.4,0.6,353
2021-12-29 11:00:00,15.876604,7.35,-1.4,99.9,-6.1,87,0,984,1,50
2021-12-29 12:00:00,23.020416,7.63,-2.3,99.9,-5.2,84,0,983.5,0.6,181
2021-12-29 13:00:00,18.904087,10.7,-2.8,99.9,-5.5,86,0,983.7,0.9,163
2021-12-29 14:00:00,18.697769,12.1,-3,99.9,-5.1,86,0,983.7,1.2,170
2021-12-29 15:00:00,19.880682,13.1,-3.1,99.9,-5.9,85,0,983.7,0.8,96
2021-12-29 16:00:00,18.952597,16.4,-3.3,99.9,-5.2,86,0,984,1.2,63
2021-12-29 17:00:00,22.686089,18.2,-3.2,99.9,-5.1,87,0,983.9,0.5,140
2021-12-29 18:00:00,28.685827,17.3,-3.3,99.9,-5,86,0,983.8,1,179
2021-12-29 19:00:00,22.719069,17.3,-3.8,99.9,-4.7,87,0,983.3,1.1,250
2021-12-29 20:00:00,28.794256,15.4,-4,99.9,-5.9,87,0,982.6,0.4,89
2021-12-29 21:00:00,27.033653,18.2,-4.2,99.9,-5.5,90,0,982,0.5,143
2021-12-29 22:00:00,29.964844,16.8,-4.5,99.9,-5.6,88,0,981.6,0.4,34
2021-12-29 23:00:00,28.534077,14.2,-4.3,99.9,-5.5,90,0,981.2,0.5,80
2021-12-30 00:00:00,26.710039,14.1,-4.3,99.9,-5.3,91,0,980.3,0.4,132
2021-12-30 01:00:00,23.677326,14.1,-4.3,99.9,-5.8,91,0,979.9,0.5,249
2021-12-30 02:00:00,24.30188,12,-4,99.9,-5.8,92,0,979.2,0.4,145
2021-12-30 03:00:00,20.13649,8.6,-3.8,99.9,-5,93,0,978.4,0.7,180
2021-12-30 04:00:00,9.148626,7.78,-3.4,99.9,-4.8,92,0,976.9,1.3,50
2021-12-30 05:00:00,9.011401,6.75,-3.5,99.9,-5.1,91,0,975.4,1.2,202
2021-12-30 06:00:00,13.421833,6.3,-3.4,99.9,-4.9,93,0,973.7,1.6,57
2021-12-30 07:00:00,6.408366,5.9,-2.7,99.9,-4,94,0,972.7,1.8,57
2021-12-30 08:00:00,7.667393,6.32,-2.1,99.9,-3,93,0,971.9,0.9,22
2021-12-30 09:00:00,9.808082,9.02,-1.9,99.9,-3.3,91,0,971.2,0.8,189
2021-12-30 10:00:00,23.416611,9.98,-1.5,99.9,-2.8,91,0,971.1,0.6,105
2021-12-30 11:00:00,17.606728,10.2,-1.2,99.9,-2.3,82,0,971.4,1.5,218
2021-12-30 12:00:00,21.998425,7.86,-0.85,99.9,-1.9,77,0,971.9,2,192
2021-12-30 13:00:00,11.547243,7.19,-1.4,99.9,-2,76,0,972.9,1.3,200
2021-12-30 14:00:00,14.088958,8.1,-2.1,99.9,-2.4,78,0,973.7,1.2,187
2021-12-30 15:00:00,14.997068,7.99,-1.5,99.9,-2.6,79,0,974.9,1.8,210
2021-12-30 16:00:00,12.458846,6.37,-0.67,99.9,-1.8,78,0,975.8,2.7,223
2021-12-30 17:00:00,8.031674,6.79,-0.38,99.9,-2.7,86,0,976.3,2.6,224
2021-12-30 18:00:00,11.963876,6.66,-0.19,99.9,-2.3,88,0,976.8,2.6,224
2021-12-30 19:00:00,12.41138,7.27,0.154,99.9,-1.9,89,0,976.8,2.5,228
2021-12-30 20:00:00,9.80346,6.87,0.622,99.9,0.6,90,0,977.1,2.6,220
2021-12-30 21:00:00,6.79199,6.81,0.809,99.9,0.8,87,0,977.6,2.3,231
2021-12-30 22:00:00,6.982987,5.29,0.938,99.9,1.1,84,2.8,978.3,2.6,210
2021-12-30 23:00:00,9.412584,4.29,0.767,99.9,1.8,80,0,978.7,2.7,215
2021-12-31 00:00:00,6.216932,3.44,0.525,99.9,1.6,81,0,978.8,2.3,210
2021-12-31 01:00:00,2.299886,2.61,0.745,99.9,1.9,81,0,979.1,2.9,201
2021-12-31 02:00:00,2.538766,2.11,,,2.2,83,0.4,979.6,2.9,187
2021-12-31 03:00:00,3.545019,1.3,,,2.1,83,0,979.3,3.6,176
2021-12-31 04:00:00,2.390644,1.18,,,2,83,0,979.5,2.8,193
2021-12-31 05:00:00,1.764105,1.11,,,1.4,84,0,979.4,2.7,208
2021-12-31 06:00:00,-0.946015,0.994,,,2.1,81,0,979.5,3.1,196
2021-12-31 07:00:00,2.737774,0.993,,,1.9,81,0,979.8,2.7,198
2021-12-31 08:00:00,-0.374107,1.27,,,1.6,82,0,979.7,3,199
2021-12-31 09:00:00,-0.760125,1.66,1.35,99.9,1.7,82,0,980.1,3.1,208
2021-12-31 10:00:00,3.242362,2.13,1.34,99.9,0.8,82,0,980.7,3.8,219
2021-12-31 11:00:00,1.088439,2.44,1.5,99.9,1.6,80,0,981.2,3,200
2021-12-31 12:00:00,2.267388,2.26,1.66,99.9,1.9,79,0,981.7,3,207
2021-12-31 13:00:00,2.584308,2.74,1.79,99.9,1.9,78,0,982.2,2.7,203
2021-12-31 14:00:00,6.783294,2.72,1.96,99.9,2,80,0,982.7,2.3,196
2021-12-31 15:00:00,6.779767,3.62,2.03,99.9,1.9,82,0,983.2,2.2,192
2021-12-31 16:00:00,8.185163,4.12,2.03,99.9,1.7,87,0.2,984.1,1.9,206
2021-12-31 17:00:00,5.620357,5.09,1.8,99.9,1.3,91,0,985.3,2.3,208
2021-12-31 18:00:00,6.878551,14.4,1.78,99.9,1.4,91,0.1,986.1,2.3,215
2021-12-31 19:00:00,16.940386,21.9,1.85,99.9,1.6,91,0,987.1,2.3,197
2021-12-31 20:00:00,17.23456,12.3,2.05,99.9,1.3,90,0.3,988.2,2.8,214
2021-12-31 21:00:00,17.710962,16.5,1.92,99.9,1.3,93,0.1,989.7,1.8,205
2021-12-31 22:00:00,15.997455,5.59,2.31,99.9,1.1,93,0,991,1.5,226
2021-12-31 23:00:00,25.771736,0.906,2.57,99.9,1.2,91,0,992.5,1,297
2022-01-01 00:00:00,17.244642,1.53,2.23,99.9,0.9,80,0,993.6,1.6,360
2022-01-01 01:00:00,15.685674,1.16,2.06,99.9,0.5,83,0,995,1.3,31
2022-01-01 02:00:00,24.001642,20.1,1.5,99.9,0.2,78,0,996.1,0.4,102
2022-01-01 03:00:00,51.164944,19.8,0.513,99.9,0.1,80,0,997.2,1.4,193
2022-01-01 04:00:00,23.161346,12.4,0.504,99.9,-0.8,83,0,998.2,0.9,192
2022-01-01 05:00:00,10.276024,7.46,0.783,99.9,0,81,0,998.7,1.1,182
2022-01-01 06:00:00,6.561881,7.13,0.548,99.9,-0.3,85,0,999.2,1.5,193
2022-01-01 07:00:00,5.710971,7.81,-0.27,99.9,-0.6,85,0,999.5,1.4,211
2022-01-01 08:00:00,4.979918,9.32,-0.83,99.9,-3,89,0,999.9,0.7,222
2022-01-01 09:00:00,5.740544,7.42,-1.5,99.9,-2.4,92,0,1000,1.4,191
2022-01-01 10:00:00,9.796765,7.82,-1.8,99.9,-3.6,90,0,1000.2,1,201
2022-01-01 11:00:00,10.824154,9.65,,,-5.7,92,0,1000,0.3,43
2022-01-01 12:00:00,17.640415,11.9,,,-3.4,85,0,999,1.1,62
2022-01-01 13:00:00,18.910675,13.8,,,-3.1,76,0,997.6,1.2,161
2022-01-01 14:00:00,22.5802,2.87,,,-3,73,0,996.1,1.6,74
2022-01-01 15:00:00,30.065901,1.89,,,-2.5,72,0,994.7,1.5,154
2022-01-01 16:00:00,28.439093,2.77,,,-1.9,69,0,993,1.5,217
2022-01-01 17:00:00,21.253164,9.4,,,-1.3,68,0,991,1,345
2022-01-01 18:00:00,32.340565,19.5,-0.7,99.9,-0.7,68,0,989.1,0.9,13
2022-01-01 19:00:00,38.156998,8.76,,,-0.4,71,0,987.6,0.7,311
2022-01-01 20:00:00,23.185329,1.32,1.09,99.9,1.4,74,0,986.2,2.9,181
2022-01-01 21:00:00,1.858155,1.94,1.05,99.9,0.3,92,1.8,984.3,3.6,173
2022-01-01 22:00:00,-0.382335,0.618,1.77,99.9,1.4,78,0.1,982.6,3.7,187
2022-01-01 23:00:00,-1.712198,0.852,2.06,99.9,2.5,70,0.1,981.3,4.4,194
2022-01-02 00:00:00,-2.515747,1.08,1.86,99.9,3.2,68,0.1,980.8,4.7,196
2022-01-02 01:00:00,4.498777,0.528,2.48,99.9,3.5,64,0,979.9,4.6,190
2022-01-02 02:00:00,4.769682,0.423,2.71,99.9,3.6,63,0,979.8,5.9,187
2022-01-02 03:00:00,2.17935,0.45,2.5,99.9,3.5,62,0,979.4,4.1,192
2022-01-02 04:00:00,1.999868,0.551,2.04,99.9,3.9,61,0,978.3,3,197
2022-01-02 05:00:00,-1.071375,0.489,1.94,99.9,3.8,61,0,977.6,3.7,190
2022-01-02 06:00:00,0.096351,0.499,2.18,99.9,3.7,62,0,977,2.2,161
2022-01-02 07:00:00,1.176915,0.507,2.8,99.9,3.1,65,0,977.1,1.9,290
2022-01-02 08:00:00,0.611773,0.896,2.52,99.9,3.2,66,0,977.3,3.4,201
2022-01-02 09:00:00,3.534204,1.68,1.52,99.9,3.3,66,0,976.8,5.7,183
2022-01-02 10:00:00,2.796156,3.42,0.894,99.9,1,71,0,976.5,0.6,313
2022-01-02 11:00:00,-1.016669,5.78,0.794,99.9,-0.7,80,0,975.9,0.9,74
2022-01-02 12:00:00,7.225934,6.98,0.721,99.9,-0.6,82,0,975,0.7,102
2022-01-02 13:00:00,4.732243,9.38,0.617,99.9,0.6,76,0,974.5,1.3,40
2022-01-02 14:00:00,10.427196,9.92,-0.058,99.9,-0.1,79,0,973.6,0.5,33
2022-01-02 15:00:00,18.423048,12.5,-0.09,99.9,0.3,77,0,972.4,1.2,34
2022-01-02 16:00:00,25.518202,18.8,0.208,99.9,0.3,74,0,971.7,1.2,50
2022-01-02 17:00:00,28.64538,15.5,0.55,99.9,1.9,69,0,971.1,2,238
2022-01-02 18:00:00,30.857328,18.7,0.76,99.9,4.9,58,0,970.5,2.6,194
2022-01-02 19:00:00,40.327026,12.7,1.62,99.9,5.3,56,0,970.1,4.3,195
2022-01-02 20:00:00,29.465706,6.83,2.07,99.9,5,56,0,969.7,4.5,196
2022-01-02 21:00:00,10.483727,4.48,3.05,99.9,5,56,0,969.6,5.3,190
2022-01-02 22:00:00,9.443548,2.79,3.65,99.9,5,57,0,969.8,3.9,190
2022-01-02 23:00:00,10.627834,1.82,3.57,99.9,4.2,61,0,970.5,2.3,209
2022-01-03 00:00:00,2.802963,1.88,3.21,99.9,4,62,0,970.4,2.1,219
2022-01-03 01:00:00,4.905085,1.52,3.16,99.9,3.5,65,0,970.4,2.5,234
2022-01-03 02:00:00,8.125242,1.41,3.04,99.9,2.1,78,0,970.6,0.5,72
2022-01-03 03:00:00,2.980129,2.03,2.9,99.9,1.5,81,0,970.2,0.6,259
2022-01-03 04:00:00,4.63587,2.35,2.45,99.9,1.2,85,0,969.8,0.4,38
2022-01-03 05:00:00,0.800394,2.66,2.15,99.9,0.8,81,0,968.8,0.7,338
2022-01-03 06:00:00,0.683893,2.44,1.92,99.9,0.8,85,0,967.9,1,231
2022-01-03 07:00:00,6.603978,2.89,1.38,99.9,0.2,93,0,967.2,1.1,176
2022-01-03 08:00:00,5.329772,3.13,1.74,99.9,-0.5,91,0,966.4,1.9,162
2022-01-03 09:00:00,11.74132,4.43,1.99,99.9,-0.7,93,0,966.4,0.7,71
2022-01-03 10:00:00,15.347773,6.7,2.04,99.9,0,94,0,965.8,0.2,3
2022-01-03 11:00:00,19.485254,6.56,2.13,99.9,0.6,92,0,965,1.1,202
2022-01-03 12:00:00,16.693933,11,1.69,99.9,3.3,70,0,964,1.6,117
2022-01-03 13:00:00,15.686332,6.95,2.24,99.9,2.9,69,0,963.3,1.1,185
2022-01-03 14:00:00,19.946014,4.55,2.92,99.9,2.5,69,0,962.5,1.1,116
2022-01-03 15:00:00,11.975537,3.76,3.41,99.9,2.8,68,0,962.6,1,78
2022-01-03 16:00:00,9.729566,1.53,3.57,99.9,3.1,68,0,963.3,1.3,188
2022-01-03 17:00:00,4.83547,0.843,2.22,99.9,1.4,86,0,964.6,3.2,238
2022-01-03 18:00:00,0.544884,3.87,1.1,99.9,0.4,94,0.7,965.2,1.5,209
2022-01-03 19:00:00,3.307467,8.29,0.942,99.9,0.2,95,0.8,965.4,0.9,224
2022-01-03 20:00:00,8.575057,2.44,0.913,99.9,0.2,96,0.9,965.7,1.3,305
2022-01-03 21:00:00,6.025861,2.49,0.725,99.9,-0.3,96,0.3,966.2,3.3,237
2022-01-03 22:00:00,2.484523,2.99,0.424,99.9,-1.2,95,0.3,965.7,1.8,98
2022-01-03 23:00:00,0.220442,1.64,0.317,99.9,-1.3,94,0,965.2,3.4,88
2022-01-04 00:00:00,0.60726,3.02,0.304,99.9,-1.6,91,0,964.9,0.3,331
2022-01-04 01:00:00,3.330652,1.39,0.229,99.9,-2.1,94,0,964.6,0.8,121
2022-01-04 02:00:00,1.456352,1.13,-0.042,99.9,-2.2,95,0,964,0.3,324
2022-01-04 03:00:00,2.884686,1.55,-0.26,99.9,-2.4,95,0,963.6,1,73
2022-01-04 04:00:00,-0.407173,1.98,-0.2,99.9,-2.9,95,0,963.1,1.4,60
2022-01-04 05:00:00,0.475041,1.12,-0.77,99.9,-3.5,95,0,962.6,1.5,63
2022-01-04 06:00:00,6.25688,3.69,-2,99.9,-5.8,94,0,962.2,0.8,208
2022-01-04 07:00:00,0.867612,9.5,-2.9,99.9,-6.4,93,0,961.8,1.1,23
2022-01-04 08:00:00,3.095576,12.3,-3,99.9,-5.9,92,0,961.7,1.7,64
2022-01-04 09:00:00,7.963923,12.5,-3.7,99.9,-7.6,92,0,961.6,0.8,117
2022-01-04 10:00:00,6.249323,11.5,-3.9,99.9,-5.9,89,0,961.8,2.3,83
2022-01-04 11:00:00,9.228937,12,-4.2,99.9,-6.4,90,0,961.8,0.5,170
2022-01-04 12:00:00,10.171312,11.5,-4,99.9,-6.3,91,0,961.9,2,85
2022-01-04 13:00:00,19.452625,9.49,-3.1,99.9,-7.3,89,0,961.9,1.1,73
2022-01-04 14:00:00,15.966331,9.94,-3.1,99.9,-7.2,91,0,962,1.3,186
2022-01-04 15:00:00,17.786089,10.5,-3.6,99.9,-6.9,87,0,962.2,1.8,77
2022-01-04 16:00:00,20.93532,12.7,-3.7,99.9,-5.2,80,0,962.7,2.4,114
2022-01-04 17:00:00,25.545464,14.9,-4.2,99.9,-5.8,80,0,963.2,2.4,100
2022-01-04 18:00:00,29.487091,14.3,-4.2,99.9,-6.8,84,0,963.8,1.7,88
2022-01-04 19:00:00,24.413895,12.1,-4,99.9,-7,88,0,964.2,0.7,162
2022-01-04 20:00:00,18.174763,12.9,-3.8,99.9,-8.7,88,0,964.7,1.2,219
2022-01-04 21:00:00,23.546671,8.97,-3.8,99.9,-7.9,90,0,965.4,1.3,203
2022-01-04 22:00:00,21.837671,7.75,-3.5,99.9,-7.6,89,0,966.2,2.2,207
2022-01-04 23:00:00,14.421336,4.8,-3.6,99.9,-7.7,89,0,966.8,2.4,212
2022-01-05 00:00:00,9.261422,2.84,-3.8,99.9,-7.4,86,0,967.5,1.8,203
2022-01-05 01:00:00,4.103506,1.6,-4.1,99.9,-7.5,85,0.1,968.1,2.9,188
2022-01-05 02:00:00,4.983571,1.27,-4.1,99.9,-7.8,86,0,968.9,2.9,208
2022-01-05 03:00:00,5.33755,1.24,-3.8,99.9,-7.5,89,0.2,969.5,2.2,217
2022-01-05 04:00:00,4.245048,1.26,-3.5,99.9,-7.4,90,0.1,970.4,2.5,214
2022-01-05 05:00:00,1.310348,1.1,-3.4,99.9,-6.8,90,0.1,971.3,1.8,216
2022-01-05 06:00:00,2.968788,1.33,-3.1,99.9,-6.3,91,0.1,972.1,1.6,198
2022-01-05 07:00:00,2.209631,1.76,-2.5,99.9,-5.7,91,0.1,973,2.1,217
2022-01-05 08:00:00,2.977977,2.31,-1.7,99.9,-4.6,91,0.1,973.8,1.9,198
2022-01-05 09:00:00,5.113328,2.65,-1,99.9,-3.2,91,0.1,974.4,2.1,180
2022-01-05 10:00:00,6.544752,2.96,-0.92,99.9,-3.6,92,0.2,975.7,2,214
2022-01-05 11:00:00,6.73951,3.7,-0.39,99.9,-3.1,91,0,976.8,1.6,218
2022-01-05 12:00:00,9.11817,0.885,0.271,99.9,-2.8,89,0,978,1.2,267
2022-01-05 13:00:00,13.976676,0.996,-0.065,99.9,-2.8,87,0,978.8,1.7,265
2022-01-05 14:00:00,17.441059,7.64,-1.7,99.9,-3,87,0,979.6,1.4,241
2022-01-05 15:00:00,,7.54,-2.4,99.9,-2.7,88,0,980.7,0.9,218
2022-01-05 16:00:00,14.82946,4.56,-1.6,99.9,-2.5,87,0,981.8,2.4,228
2022-01-05 17:00:00,16.647799,0.958,-0.2,99.9,-1.9,86,0,983.1,2,293
2022-01-05 18:00:00,3.805248,1.02,-0.23,99.9,-2.1,86,0,983.9,1.8,279
2022-01-05 19:00:00,4.736697,6.13,-0.64,99.9,-2,85,0,984.8,1.7,266
2022-01-05 20:00:00,12.86449,8.42,-1.1,99.9,-2.7,87,0,985.8,1.9,220
2022-01-05 21:00:00,14.729291,9.22,-1.1,99.9,-2.7,92,0.3,986.7,1.5,219
2022-01-05 22:00:00,12.117033,7.45,-1.3,99.9,-2.7,94,0.9,987.4,1.5,201
2022-01-05 23:00:00,12.504602,2.16,-0.46,99.9,-2.9,92,0,988,2.6,211
2022-01-06 00:00:00,7.953034,1.03,-0.13,99.9,-2.6,92,0,989,0.9,200
2022-01-06 01:00:00,3.177395,0.966,-0.63,99.9,-2.7,88,0,989.9,0.6,236
2022-01-06 02:00:00,4.649143,1.13,-1.6,99.9,-3.5,93,0.4,990.1,1.7,209
2022-01-06 03:00:00,-0.130051,1.63,-1.7,99.9,-3.2,95,0.1,990.7,1.1,125
2022-01-06 04:00:00,1.751453,2.09,-2,99.9,-3.5,93,0,991.1,1.1,201
2022-01-06 05:00:00,2.049065,2.01,-2.6,99.9,-4.5,93,0.2,991.2,1.9,193
2022-01-06 06:00:00,-2.340607,1.96,-2.5,99.9,-4.1,93,0,991.4,2.4,199
2022-01-06 07:00:00,1.536527,2.17,-1.8,99.9,-4,91,0,991.7,2.1,219
2022-01-06 08:00:00,4.18535,2.7,-2.4,99.9,-4,92,0.3,991.8,2.7,185
2022-01-06 09:00:00,4.221021,2.38,-2.3,99.9,-5.1,90,0,992.3,3.1,218
2022-01-06 10:00:00,2.330359,2.55,-1.6,99.9,-4.9,88,0,992.5,2.6,231
2022-01-06 11:00:00,5.555449,2.97,-1.4,99.9,-3.6,90,0.3,992.6,2.5,202
2022-01-06 12:00:00,5.41387,3.54,-1.4,99.9,-4.1,91,0,992.4,2.1,213
2022-01-06 13:00:00,6.90461,2.9,-1.3,99.9,-4.5,88,0,992,2,207
2022-01-06 14:00:00,8.413041,3.29,-1.6,99.9,-5,89,0,991.8,2.7,222
2022-01-06 15:00:00,8.299426,3.61,-1.6,99.9,-5.3,90,0,991.7,2.5,222
2022-01-06 16:00:00,9.482182,4.4,-1.9,99.9,-5.5,89,0,991.6,3.2,224
2022-01-06 17:00:00,6.555715,5.77,-2.4,99.9,-6.2,89,0,991.4,2.4,222
2022-01-06 18:00:00,12.84013,5.77,-2.9,99.9,-6.9,89,0,991.2,2.7,220
2022-01-06 19:00:00,11.540854,6.88,-3.1,99.9,-7,89,0,991,3,227
2022-01-06 20:00:00,15.854632,8.65,-3.8,99.9,-7.4,88,0,990.7,2.1,209
2022-01-06 21:00:00,16.837431,6.02,-4.2,99.9,-7.9,86,0,990.6,3.1,227
2022-01-06 22:00:00,14.811615,6.66,-5.1,99.9,-8,86,0,990.6,2.4,217
2022-01-06 23:00:00,10.596513,4.4,-5.5,99.9,-8,84,0,990.4,1.7,202
2022-01-07 00:00:00,10.873922,2.72,-5.4,99.9,-8.9,88,0,989.8,1.2,208
2022-01-07 01:00:00,8.340333,2.86,-5.9,99.9,-10.8,87,0,989.3,0.6,64
2022-01-07 02:00:00,7.000902,2.3,-6.4,99.9,-9.6,86,0,989,0.7,107
2022-01-07 03:00:00,8.937104,1.53,-6.7,99.9,-10.1,85,0,988.4,0.7,178
2022-01-07 04:00:00,4.924825,1.26,-7.3,99.9,-9.6,84,0,987.8,2.1,68
2022-01-07 05:00:00,2.906363,0.951,-8.1,99.9,-9.6,84,0,987.2,0.3,192
2022-01-07 06:00:00,2.831796,1.34,-8.1,99.9,-10,82,0,986.4,0.6,309
2022-01-07 07:00:00,2.208683,1.91,-8.2,99.9,-8.5,76,0,985.8,1.1,39
2022-01-07 08:00:00,6.763514,4.26,-8,99.9,-6.8,72,0,985.2,1.9,260
2022-01-07 09:00:00,11.548599,7.47,-8,99.9,-8.1,75,0,984.9,1.4,307
2022-01-07 10:00:00,25.320681,9.99,-7.9,99.9,-6,67,0,984.6,1.7,211
2022-01-07 11:00:00,26.796127,12.8,-7.3,99.9,-5.9,69,0,984.1,1.4,262
2022-01-07 12:00:00,39.166798,9.39,-5,99.9,-5.3,68,0,983.7,1.2,28
2022-01-07 13:00:00,46.657345,11,-4.1,99.9,-4.3,68,0,983.3,1.7,159
2022-01-07 14:00:00,49.465141,6.28,-3.4,99.9,-4.3,67,0,983.1,2.1,215
2022-01-07 15:00:00,41.060444,4.01,-2.8,99.9,-3.6,65,0,982.7,3.1,203
2022-01-07 16:00:00,9.072403,3.86,-2.3,99.9,-3.3,65,0,982.3,4.2,206
2022-01-07 17:00:00,6.66372,2.43,-1.9,99.9,-3.2,65,0,982.5,3.7,203
2022-01-07 18:00:00,3.562535,1.67,-1.4,99.9,-3,66,0,982.6,5.3,183
2022-01-07 19:00:00,2.282474,1.79,-0.95,99.9,-2.8,65,0,982.5,4.8,180
2022-01-07 20:00:00,7.103093,1.93,-0.47,99.9,-2.5,66,0,982.6,5.4,180
2022-01-07 21:00:00,6.08034,2.45,-0.11,99.9,-2.3,67,0,982.9,3.2,190
2022-01-07 22:00:00,9.465547,5.5,-0.017,99.9,-2.3,69,0.1,983,1.5,181
2022-01-07 23:00:00,9.588661,2,-0.084,99.9,-2.1,65,0,983.2,1.7,161
2022-01-08 00:00:00,3.969862,0.9,-0.2,99.9,-2.6,67,0,983.3,1.8,155
2022-01-08 01:00:00,1.938944,1.07,-0.044,99.9,-2.4,63,0,983.3,1.8,151
2022-01-08 02:00:00,2.702986,1.04,-0.1,99.9,-2.7,67,0,983.1,1.1,159
2022-01-08 03:00:00,2.449957,0.682,-0.12,99.9,-2.6,64,0,982.8,2.3,158
2022-01-08 04:00:00,2.916474,0.479,0.161,99.9,-2.5,64,0,982.4,1.8,155
2022-01-08 05:00:00,-0.352822,0.505,0.287,99.9,-2.5,64,0,982.3,1.9,142
2022-01-08 06:00:00,-1.298671,0.688,0.172,99.9,-2.5,63,0,982.3,2.6,153
2022-01-08 07:00:00,-0.986917,0.486,0.05,99.9,-2.9,65,0,982.4,2,136
2022-01-08 08:00:00,-1.033182,0.897,-0.088,99.9,-2.6,65,0,982.4,1,123
2022-01-08 09:00:00,3.312796,1.98,-0.62,99.9,-3,69,0,982.4,0.6,13
2022-01-08 10:00:00,4.866411,2.26,-1.2,99.9,-3.4,68,0,982.1,1.7,86
2022-01-08 11:00:00,6.69833,3.8,-0.97,99.9,-3.4,69,0,981.8,0.9,80
2022-01-08 12:00:00,6.286283,3.31,-1.7,99.9,-4.1,70,0,981.5,1.5,79
2022-01-08 13:00:00,1.120353,3.63,-2.1,99.9,-3.1,67,0,981.2,1.9,66
2022-01-08 14:00:00,7.521034,3.25,-2.5,99.9,-3.9,71,0,980.9,0.8,33
2022-01-08 15:00:00,8.934321,6.56,-3.3,99.9,-3.6,66,0,980.7,2.5,123
2022-01-08 16:00:00,19.050211,12.8,-3.9,99.9,-4.9,68,0,980.7,1.2,127
2022-01-08 17:00:00,25.560968,15.6,-4.7,99.9,-5.3,72,0,980.7,2.2,97
2022-01-08 18:00:00,31.34918,20.3,-5.6,99.9,-7.3,74,0,980.5,0.9,111
2022-01-08 19:00:00,41.277832,21.8,-6.3,99.9,-7.4,80,0,980.5,0.3,357
2022-01-08 20:00:00,44.857109,22.4,-6.7,99.9,-8.5,84,0,980.4,0.3,327
2022-01-08 21:00:00,41.818966,18.7,-7,99.9,-6.2,79,0,980.6,2.1,70
2022-01-08 22:00:00,40.572861,16.8,-7.4,99.9,-5.3,75,0,980.7,1.7,96
2022-01-08 23:00:00,36.637009,14.5,-7.5,99.9,-5.8,75,0,980.8,1.1,120
2022-01-09 00:00:00,28.206272,12.1,-7.6,99.9,-4.1,73,0,980.8,1.7,115
2022-01-09 01:00:00,24.819376,9.28,-7.7,99.9,-4,71,0,980.9,1.1,194
2022-01-09 02:00:00,22.820698,6.78,-7.7,99.9,-3.4,71,0,981.1,0.8,314
2022-01-09 03:00:00,12.827681,4.48,-7.6,99.9,-3.2,69,0,981.4,1.4,222
2022-01-09 04:00:00,9.451756,2.7,-7.2,99.9,-5.3,77,0,981.6,1.5,64
2022-01-09 05:00:00,1.62287,1.82,-6.8,99.9,-2.8,69,0,981.9,1.3,104
2022-01-09 06:00:00,2.117208,0.86,-5.3,99.9,-3.5,71,0,982.3,1.4,71
2022-01-09 07:00:00,5.965604,0.702,-2.8,99.9,-2.6,69,0,982.9,1.6,71
2022-01-09 08:00:00,5.20192,1.88,-4.4,99.9,-2.4,67,0,983.7,1,37
2022-01-09 09:00:00,3.000038,2.36,-4,99.9,-1.6,64,0,984.5,3.3,187
2022-01-09 10:00:00,7.157867,4.08,-3.9,99.9,-1.7,65,0,985.4,2.3,209
2022-01-09 11:00:00,11.116903,6.01,-3.5,99.9,-1.7,65,0,986.4,3.3,188
2022-01-09 12:00:00,16.571964,3.54,-1.9,99.9,-1.1,63,0,986.9,2.9,194
2022-01-09 13:00:00,14.343686,2.54,-1.2,99.9,-0.5,58,0,987.9,2.9,172
2022-01-09 14:00:00,8.41324,1.85,-0.93,99.9,-0.4,57,0,988.8,2.5,175
2022-01-09 15:00:00,1.211565,2.26,-1.1,99.9,-1.3,59,0,989.6,1.4,46
2022-01-09 16:00:00,2.809551,2.2,-1,99.9,-1.4,60,0,990.6,1.3,78
2022-01-09 17:00:00,4.350971,1.22,-1,99.9,-0.6,57,0,991.5,2.1,152
2022-01-09 18:00:00,3.108543,1.51,-1.4,99.9,-0.4,55,0,991.9,6.1,180
2022-01-09 19:00:00,2.907746,1.38,-1.1,99.9,-0.4,55,0,992.9,6,175
2022-01-09 20:00:00,1.139135,1.28,-1.3,99.9,-0.2,55,0,993.7,7.7,180
2022-01-09 21:00:00,1.794996,1.39,-1.5,99.9,0,53,0,994.8,7.7,175
2022-01-09 22:00:00,2.677211,1.18,-1.9,99.9,-0.3,53,0,995.7,5.6,180
2022-01-09 23:00:00,0.923211,1.24,-2.7,99.9,-0.4,53,0,996.7,3.3,194
2022-01-10 00:00:00,0.302236,1.13,-2.7,99.9,-1.4,57,0,997.8,2,233
2022-01-10 01:00:00,4.475973,0.812,-2.6,99.9,-0.8,55,0,998.4,2.8,190
2022-01-10 02:00:00,-1.332244,0.626,-2.7,99.9,-0.7,54,0,998.7,3.2,193
2022-01-10 03:00:00,3.118254,0.598,-3.5,99.9,-0.8,55,0,999.3,3,189
2022-01-10 04:00:00,1.149976,0.696,-4,99.9,-0.7,53,0,999.8,3.8,181
2022-01-10 05:00:00,0.710765,0.7,-3.5,99.9,-0.3,52,0,999.9,5.6,183
2022-01-10 06:00:00,-0.006441,1.07,-3.7,99.9,-0.8,55,0,1000.6,1.8,194
2022-01-10 07:00:00,2.528053,1.9,-4,99.9,-4,64,0,1001.5,1.1,328
2022-01-10 08:00:00,8.401843,4.38,-4.9,99.9,-4.9,72,0,1002.3,0.7,41
2022-01-10 09:00:00,12.255854,6.55,-5,99.9,-4.9,71,0,1003.2,0.5,80
2022-01-10 10:00:00,22.221704,8,-4.8,99.9,-5,72,0,1003.6,1,61
2022-01-10 11:00:00,27.54578,9.26,-4.4,99.9,-4.8,74,0,1003.9,0.2,4
2022-01-10 12:00:00,27.313538,11,-3.7,99.9,-3.4,70,0,1003.4,1.1,144
2022-01-10 13:00:00,28.809185,12.4,-3.2,99.9,-3.2,68,0,1003.3,0.6,41
2022-01-10 14:00:00,26.841513,12.9,-3.5,99.9,-2.8,65,0,1003.3,0.4,43
2022-01-10 15:00:00,27.173082,14.7,-3.8,99.9,-2.8,69,0,1003.6,0,0
2022-01-10 16:00:00,37.131142,15,-3.7,99.9,-3.6,71,0,1003.8,0.6,69
2022-01-10 17:00:00,33.031895,18.1,-3.9,99.9,-2.6,65,0,1003.1,1.2,44
2022-01-10 18:00:00,44.490868,22,-3.9,99.9,-2.6,62,0,1002.6,0.7,352
2022-01-10 19:00:00,49.540623,21.3,-4.2,99.9,0.3,52,0,1001.9,2,165
2022-01-10 20:00:00,48.175198,5.27,-2.7,99.9,0.2,53,0,1001.3,2,169
2022-01-10 21:00:00,17.17214,1.51,-0.071,99.9,0.9,51,0,1000.8,3.3,186
2022-01-10 22:00:00,6.02888,1.22,0.0667,99.9,0.9,53,0,999.9,4.8,199
2022-01-10 23:00:00,4.787435,0.992,0.413,99.9,1.1,54,0,999.6,4.7,192
2022-01-11 00:00:00,4.225609,0.742,1.09,99.9,1.6,53,0,999.3,5.5,190
2022-01-11 01:00:00,1.284861,0.888,1.6,99.9,2,53,0,998.8,4.5,191
2022-01-11 02:00:00,0.714741,0.89,2,99.9,2.8,51,0,998.4,6,189
2022-01-11 03:00:00,2.300639,1.06,2.44,99.9,3.2,51,0,998.5,3.9,194
2022-01-11 04:00:00,1.999488,1.15,2.69,99.9,3,61,0,998.7,4.9,178
2022-01-11 05:00:00,0.313803,1.36,3.13,99.9,3.9,57,0,997.9,7.7,175
2022-01-11 06:00:00,0.207139,1.48,3.46,99.9,4.1,56,0,997.6,6.5,184
2022-01-11 07:00:00,0.326387,1.62,3.72,99.9,4.4,53,0,997.7,6.2,182
2022-01-11 08:00:00,1.087012,2.26,3.75,99.9,4.5,54,0,998,3.7,194
2022-01-11 09:00:00,2.090218,3.06,3.82,99.9,4.7,53,0,998.3,4.4,189
2022-01-11 10:00:00,6.086286,3,3.83,99.9,4.7,54,0,998.8,4.6,178
2022-01-11 11:00:00,2.57116,3.51,4.11,99.9,4.6,55,0,998.9,5.4,177
2022-01-11 12:00:00,4.480652,3.1,5.31,99.9,4.6,56,0,998.9,3.5,198
2022-01-11 13:00:00,6.23177,3.62,5.6,99.9,4.3,58,0,999.4,3.5,226
2022-01-11 14:00:00,11.498281,3.3,5.16,99.9,4.1,61,0,1000.1,1.8,207
2022-01-11 15:00:00,8.512312,5.23,4.36,99.9,3.4,71,0,1000.1,3.4,187
2022-01-11 16:00:00,9.985904,5.03,3.77,99.9,3.5,67,0,1000.2,2.6,188
2022-01-11 17:00:00,10.454728,6.77,3.33,99.9,1.6,73,0,1000.3,2,219
2022-01-11 18:00:00,18.364531,6.75,3.64,99.9,3.9,59,0,1000.2,3.1,191
2022-01-11 19:00:00,13.285002,7.25,3.21,99.9,1.5,69,0,1000.5,3.4,222
2022-01-11 20:00:00,12.553182,4.52,2.92,99.9,2.2,59,0,999.9,2.8,195
2022-01-11 21:00:00,9.913526,4.18,2.36,99.9,3.2,54,0,999.6,3.3,189
2022-01-11 22:00:00,4.612867,3.78,2.56,99.9,2.5,56,0,999.1,2.4,193
2022-01-11 23:00:00,14.745813,4.47,2.36,99.9,2.4,57,0,998.8,1.9,195
2022-01-12 00:00:00,7.581186,3.12,2.9,99.9,2.1,56,0,998.3,1.4,218
2022-01-12 01:00:00,9.786176,3.6,2.97,99.9,1.4,62,0,998,1.5,220
2022-01-12 02:00:00,14.651205,2.33,3.68,99.9,2.7,59,0,996.8,2,214
2022-01-12 03:00:00,6.135666,1.78,3.85,99.9,2.3,63,0,995.6,0.9,225
2022-01-12 04:00:00,0.542981,1.37,4.1,99.9,3.6,59,0,994.9,1.8,215
2022-01-12 05:00:00,1.374148,0.423,5.61,99.9,5,55,0,992.9,2.9,212
2022-01-12 06:00:00,-1.251293,0.377,6.34,99.9,4.6,56,0,991.9,3,224
2022-01-12 07:00:00,-0.228461,0.336,6.46,99.9,5.8,59,0,990.8,6,217
2022-01-12 08:00:00,-0.923639,0.475,6.66,99.9,6.1,67,0,990.8,7.2,210
2022-01-12 09:00:00,-1.297715,0.625,6.32,99.9,5.5,77,0,990.9,8,220
2022-01-12 10:00:00,-2.400095,0.782,6.55,99.9,5.4,80,0.1,990.9,7.1,220
2022-01-12 11:00:00,-1.274432,0.901,6.25,99.9,5.2,84,0.4,991,6.7,223
2022-01-12 12:00:00,,0.945,5.5,99.9,4.9,87,1.7,990.7,6.6,219
2022-01-12 13:00:00,,1.4,5.63,99.9,4.7,91,1.2,990.1,5.4,214
2022-01-12 14:00:00,3.118344,1.74,5.89,99.9,5.1,92,0.8,989.2,5.1,213
2022-01-12 15:00:00,2.180207,2.43,5.95,99.9,5.5,90,1.5,988.6,7,211
2022-01-12 16:00:00,-1.503927,3.39,6.28,99.9,5.7,94,1.6,988.4,6.3,214
2022-01-12 17:00:00,3.889604,1.9,7.1,99.9,5.8,96,1.6,988.2,5.8,214
2022-01-12 18:00:00,5.091495,0.579,8.12,99.9,6.5,92,2,987.8,7.6,225
2022-01-12 19:00:00,1.592263,0.895,8.38,99.9,6.6,90,0.3,987.7,6.9,232
2022-01-12 20:00:00,5.454454,0.942,7.82,99.9,6.3,92,1.2,987.9,6.9,226
2022-01-12 21:00:00,2.024555,0.697,7.75,99.9,6.1,94,0.6,987.7,6.6,223
2022-01-12 22:00:00,1.486724,0.459,8.23,99.9,6,95,1.5,987.4,6.8,228
2022-01-12 23:00:00,-1.446452,0.307,8.44,99.9,6.9,93,1.7,987.6,8.2,233
2022-01-13 00:00:00,-0.700179,0.319,8.7,99.9,7.6,88,1.6,987.4,9.1,238
2022-01-13 01:00:00,-1.687027,0.382,8.58,99.9,8.1,85,1.2,987.4,10.7,244
2022-01-13 02:00:00,-1.83383,0.493,8.75,99.9,8,86,1.6,987.7,10.3,241
2022-01-13 03:00:00,2.01063,0.316,8.55,99.9,8,86,0.2,987.8,9.6,241
2022-01-13 04:00:00,-1.077023,0.298,8.44,99.9,7.7,89,1.1,987.8,9.3,242
2022-01-13 05:00:00,1.904189,0.2,8.63,99.9,8,84,1.2,987.3,10.5,243
2022-01-13 06:00:00,-1.619834,,8.76,99.9,8,85,0,987.1,10.1,242
2022-01-13 07:00:00,4.910265,,8.68,99.9,7.8,87,0.5,987.2,10.2,244
2022-01-13 08:00:00,4.184591,,8.77,99.9,7.9,85,0.2,986.8,10.8,243
2022-01-13 09:00:00,1.629494,,8.84,99.9,7.9,86,0,986.5,10.8,238
2022-01-13 10:00:00,-2.237098,,8.8,99.9,7.7,87,0,986.6,10.2,241
2022-01-13 11:00:00,4.902756,0.667,8.61,99.9,7.9,86,0,986.2,10.6,243
2022-01-13 12:00:00,5.578577,0.825,7.25,99.9,7.2,91,1.9,986.4,5.3,261
2022-01-13 13:00:00,3.896449,1.54,6.67,99.9,5.9,85,5.5,986.5,8.8,257
2022-01-13 14:00:00,0.954149,3.01,6.86,99.9,6.1,82,2.1,986.2,10,250
2022-01-13 15:00:00,0.514189,2.64,6.51,99.9,6.3,72,0.1,986.1,9.8,259
2022-01-13 16:00:00,2.727303,3.08,5.89,99.9,5,76,0.6,986.2,10.6,254
2022-01-13 17:00:00,2.433081,2.78,5.36,99.9,5.1,69,0.1,985.7,9.1,250
2022-01-13 18:00:00,1.022056,2.76,4.65,99.9,4,74,0.3,985.4,8.7,262
2022-01-13 19:00:00,4.653464,2.87,4.37,99.9,3,81,0.2,984.8,8,243
2022-01-13 20:00:00,3.904386,2.79,4.84,99.9,3.5,77,0.1,983.8,6.7,241
2022-01-13 21:00:00,5.839737,1.94,4.11,99.9,4.1,68,0,983.2,6.3,255
2022-01-13 22:00:00,4.430773,1.71,3.03,99.9,1.5,89,1.2,983.5,7,256
2022-03-11 13:00:00,9.838973,15.5,8.1,41,8.1,41,0,1006.4,3,62
2022-03-11 14:00:00,10.051221,14.4,9.8,32,9.8,32,0,1006.2,1.8,203
2022-03-11 15:00:00,6.507423,13.8,9.6,32,9.6,32,0,1006,2.4,162
2022-03-11 16:00:00,9.593726,14.1,9.2,34,9.2,34,0,1005.7,2.9,181
2022-03-11 17:00:00,10.614528,15.8,6.8,44,6.8,44,0,1005.5,2.2,87
2022-03-11 18:00:00,6.394888,19.2,6.2,44,6.2,44,0,1005.3,2.3,111
2022-03-11 19:00:00,7.316661,24.9,4.7,48,4.7,48,0,1005.3,2.4,89
2022-03-11 20:00:00,13.084413,25.5,4.3,47,4.3,47,0,1005,1.7,93
2022-03-11 21:00:00,17.698908,26.6,4.3,47,4.3,47,0,1004.8,1.5,123
2022-03-11 22:00:00,18.672232,23.6,3.9,46,3.9,46,0,1004.8,2.6,99
2022-03-11 23:00:00,15.05313,20.9,3.8,44,3.8,44,0,1004.5,1.2,166
2022-03-12 00:00:00,17.189404,21.9,1.7,50,1.7,50,0,1004.2,0.5,31
2022-03-12 01:00:00,18.716175,20.3,3.3,42,3.3,42,0,1004,0.9,228
2022-03-12 02:00:00,9.666487,22,0.7,52,0.7,52,0,1004.2,0.7,204
2022-03-12 03:00:00,7.522213,19.9,2.2,44,2.2,44,0,1003.5,1,107
2022-03-12 04:00:00,6.208305,19.4,1.4,43,1.4,43,0,1003.1,0.6,45
2022-03-12 05:00:00,5.959332,19.6,1.2,42,1.2,42,0,1003.2,1.1,247
2022-03-12 06:00:00,5.26168,20.3,1.4,41,1.4,41,0,1003,0.8,232
2022-03-12 07:00:00,2.836765,19.3,3.8,31,3.8,31,0,1003,1.8,188
2022-03-12 08:00:00,4.209576,19.1,3.7,31,3.7,31,0,1003,1.8,77
2022-03-12 09:00:00,5.729751,19.1,6.3,23,6.3,23,0,1002.9,6.6,180
2022-03-12 10:00:00,2.937313,18.6,7.1,23,7.1,23,0,1003.4,5.2,170
2022-03-12 11:00:00,5.136139,18.9,8.1,21,8.1,21,0,1003.3,2.9,183
2022-03-12 12:00:00,2.489033,20.4,8,24,8,24,0,1003,1.6,108
2022-03-12 13:00:00,8.607567,20.6,9.4,22,9.4,22,0,1002.9,2.9,189
2022-03-12 14:00:00,12.61682,20.1,10.1,22,10.1,22,0,1002.4,2.8,205
2022-03-12 15:00:00,3.434519,19.2,10.6,21,10.6,21,0,1002.2,2.4,200
2022-03-12 16:00:00,2.662076,20,11.3,21,11.3,21,0,1002.1,4,170
2022-03-12 17:00:00,5.41517,20.2,10.6,22,10.6,22,0,1002,5,168
2022-03-12 18:00:00,0.849297,20.2,9.4,23,9.4,23,0,1002.2,5,179
2022-03-12 19:00:00,4.684809,19.2,8.3,25,8.3,25,0,1001.8,5.6,167
2022-03-12 20:00:00,7.093809,19.3,7.8,26,7.8,26,0,1002.3,6.7,169
2022-03-12 21:00:00,7.391222,19,7.8,25,7.8,25,0,1002.3,6.2,174
2022-03-12 22:00:00,5.11331,18.6,7,27,7,27,0,1002.4,4.8,181
2022-03-12 23:00:00,2.29759,18.4,6.3,28,6.3,28,0,1002.4,4.3,186
2022-03-13 00:00:00,4.180902,18.4,5.8,29,5.8,29,0,1002.3,5.9,195
2022-03-13 01:00:00,6.108145,19.4,5.1,32,5.1,32,0,1003.3,6.9,214
2022-03-13 02:00:00,5.460837,19.4,4.9,35,4.9,35,0,1003.6,4.7,205
2022-03-13 03:00:00,8.469954,19.1,4.9,36,4.9,36,0,1003.5,6.3,187
2022-03-13 04:00:00,8.142758,19.9,4.5,39,4.5,39,0,1004.3,2.9,201
2022-03-13 05:00:00,8.120376,19.1,3.4,43,3.4,43,0,1004.5,0.9,309
2022-03-13 06:00:00,6.270859,18.8,1.8,51,1.8,51,0,1005.1,0.8,131
2022-03-13 07:00:00,10.716748,18.8,1.6,52,1.6,52,0,1005.3,1.3,137
2022-03-13 08:00:00,8.448569,19.6,0.8,57,0.8,57,0,1005.9,0.4,149
2022-03-13 09:00:00,9.844805,19.8,3.1,48,3.1,48,0,1006.3,0.6,156
2022-03-13 10:00:00,11.157008,19.6,4.7,47,4.7,47,0,1006.2,1.4,74
2022-03-13 11:00:00,9.603047,20.8,5.3,45,5.3,45,0,1006.2,1.9,76
2022-03-13 12:00:00,5.494475,19.5,6.5,44,6.5,44,0,1005.8,2,32
2022-03-13 13:00:00,7.406556,18.5,6.8,50,6.8,50,0,1005.4,0.6,303
2022-03-13 14:00:00,9.964176,19.6,8.7,42,8.7,42,0,1005,4.4,171
2022-03-13 15:00:00,5.299211,21.6,8.4,38,8.4,38,0,1004.6,4.3,182
2022-03-13 16:00:00,8.75689,20.4,8.4,34,8.4,34,0,1004.3,6,179
2022-03-13 17:00:00,8.953483,19.7,8.7,31,8.7,31,0,1004.2,4.8,175
2022-03-13 18:00:00,7.107821,19,8.1,30,8.1,30,0,1004.3,3.7,188
2022-03-13 19:00:00,5.06462,18.1,7.8,29,7.8,29,0,1004.4,3.1,194
2022-03-13 20:00:00,7.908938,19.1,7.6,29,7.6,29,0,1004.6,4.6,172
2022-03-13 21:00:00,7.95225,19.4,7.5,29,7.5,29,0,1004.8,3.8,195
2022-03-13 22:00:00,9.668178,18.5,7.6,28,7.6,28,0,1004.8,5.8,181
2022-03-13 23:00:00,7.018813,17.3,7.2,29,7.2,29,0,1005,7.6,176
2022-03-14 00:00:00,7.214969,19.5,7,29,7,29,0,1005.3,7.9,181
2022-03-14 01:00:00,6.317955,16.2,6.8,30,6.8,30,0,1005.6,5,199
2022-03-14 02:00:00,5.403743,17.6,6.4,31,6.4,31,0,1006.1,4,191
2022-03-14 03:00:00,8.940922,16.7,6.4,29,6.4,29,0,1006.3,2.8,181
2022-03-14 04:00:00,7.426186,17,5.5,32,5.5,32,0,1006.7,2.1,217
2022-03-14 05:00:00,6.272825,14.2,5.8,30,5.8,30,0,1006.5,2.1,164
2022-03-14 06:00:00,7.616525,17.6,5,32,5,32,0,1006.6,1,139
2022-03-14 07:00:00,8.037317,18.2,3.3,39,3.3,39,0,1006.1,1.8,98
2022-03-14 08:00:00,22.195644,18.3,3.2,41,3.2,41,0,1006.1,1,201
2022-03-14 09:00:00,21.151058,15.7,7.1,29,7.1,29,0,1005.8,2.5,203
2022-03-14 10:00:00,13.647269,15.9,7.1,34,7.1,34,0,1005.8,1,263
2022-03-14 11:00:00,7.695032,16.5,8.6,44,8.6,44,0,1005.8,1.2,288
2022-03-14 12:00:00,11.631737,16.5,9.9,29,9.9,29,0,1005.6,2,252
2022-03-14 13:00:00,9.35096,15.4,10.8,29,10.8,29,0,1005.8,0.6,313
2022-03-14 14:00:00,7.300287,15,10.3,27,10.3,27,0,1006.1,2.2,217
2022-03-14 15:00:00,7.454056,16.9,11.4,27,11.4,27,0,1006.3,0.5,289
2022-03-14 16:00:00,9.987674,16.2,11,27,11,27,0,1006.4,1.9,220
2022-03-14 17:00:00,10.98517,16.3,10.6,27,10.6,27,0,1006.6,2.2,186
2022-03-14 18:00:00,5.447508,18.1,7.2,40,7.2,40,0,1006.9,0.1,354
2022-03-14 19:00:00,8.590197,18.3,7.6,34,7.6,34,0,1006.5,2.1,187
2022-03-14 20:00:00,17.664436,19.8,6.4,37,6.4,37,0,1006.6,1.5,187
2022-03-14 21:00:00,15.564203,19.3,4.3,44,4.3,44,0,1006.8,1.1,72
2022-03-14 22:00:00,14.742243,21.4,2.4,51,2.4,51,0,1007.1,1.2,136
2022-03-14 23:00:00,19.635162,19.6,3.2,46,3.2,46,0,1007.2,0.4,212
2022-03-15 00:00:00,16.454037,21.7,3.4,42,3.4,42,0,1006.7,1.8,290
2022-03-15 01:00:00,12.494064,19.6,1.8,47,1.8,47,0,1006.4,0.4,26
2022-03-15 02:00:00,12.695832,19.6,1.5,51,1.5,51,0,1006.1,0.6,183
2022-03-15 03:00:00,12.073777,19.3,0.4,56,0.4,56,0,1005.7,0.3,339
2022-03-15 04:00:00,7.688643,16.3,0,57,0,57,0,1005.6,0.8,171
2022-03-15 05:00:00,5.594146,18.4,1.6,48,1.6,48,0,1005.7,1.4,161
2022-03-15 06:00:00,7.251285,17.7,0.7,53,0.7,53,0,1005.6,0.5,52
2022-03-15 07:00:00,10.413724,18.4,0.3,54,0.3,54,0,1005.3,0.5,165
2022-03-15 08:00:00,13.609409,21.2,0.6,60,0.6,60,0,1005.2,0.6,83
2022-03-15 09:00:00,13.404358,19.6,2.6,51,2.6,51,0,1005,0.7,210
2022-03-15 10:00:00,16.060677,17.1,3.6,57,3.6,57,0,1004.5,1.3,43
2022-03-15 11:00:00,18.007668,19.1,5.3,52,5.3,52,0,1003.7,2.2,28
2022-03-15 12:00:00,9.633398,17.7,5.3,47,5.3,47,0,1003.1,1.4,18
2022-03-15 13:00:00,12.968163,17,6.6,41,6.6,41,0,1002.4,1.7,14
2022-03-15 14:00:00,12.38733,18.1,8,41,8,41,0,1001.6,1.5,7
2022-03-15 15:00:00,9.968637,17.8,8.4,46,8.4,46,0,1001.1,1.1,34
2022-03-15 16:00:00,9.165252,17.3,9.4,43,9.4,43,0,1000.6,0.7,21
2022-03-15 17:00:00,11.806481,18.6,8.8,40,8.8,40,0,1000.7,1.5,258
2022-03-15 18:00:00,12.041646,20.3,6.6,52,6.6,52,0,1001,1.4,237
2022-03-15 19:00:00,14.358673,20.6,6.5,39,6.5,39,0,1001.5,2.6,188
2022-03-15 20:00:00,18.376947,20.8,5.5,42,5.5,42,0,1002.1,1.8,213
2022-03-15 21:00:00,19.349716,21.2,4.5,45,4.5,45,0,1002.5,2.5,227
2022-03-15 22:00:00,14.242826,20.2,3.3,51,3.3,51,0,1002.9,3,228
2022-03-15 23:00:00,12.262226,18.2,2.5,53,2.5,53,0,1003.4,2.1,232
2022-03-16 00:00:00,11.94717,18.4,1.4,59,1.4,59,0,1003.9,0.9,65
2022-03-16 01:00:00,10.823899,19.1,0.8,60,0.8,60,0,1003.9,1,54
2022-03-16 02:00:00,10.237915,18,0.5,61,0.5,61,0,1003.9,0.4,146
2022-03-16 03:00:00,10.294926,19.8,-0.1,64,-0.1,64,0,1004.2,1.2,153
2022-03-16 04:00:00,9.870266,18.8,0.7,62,0.7,62,0,1004.5,1.4,234
2022-03-16 05:00:00,14.131188,19.7,-0.2,64,-0.2,64,0,1004.7,0.8,186
2022-03-16 06:00:00,9.104167,17.2,-0.2,65,-0.2,65,0,1004.9,1.4,215
2022-03-16 07:00:00,9.438177,19.2,-0.8,67,-0.8,67,0,1005.1,1.1,206
2022-03-16 08:00:00,14.027989,18.2,-0.2,67,-0.2,67,0,1005.3,1.5,51
2022-03-16 09:00:00,15.102167,20.6,5.5,43,5.5,43,0,1005.2,2.1,194
2022-03-16 10:00:00,,19.4,6.6,40,6.6,40,0,1005.4,3,208
2022-03-16 11:00:00,,19.8,7.2,38,7.2,38,0,1005.3,3.2,201
2022-03-16 12:00:00,,21.1,7.5,38,7.5,38,0,1005.5,3.5,193
2022-03-16 13:00:00,,18.5,8.4,35,8.4,35,0,1005.7,4.4,190
2022-03-16 14:00:00,,17.4,8.4,36,8.4,36,0,1005.9,4.5,180
2022-03-16 15:00:00,,17.8,8.5,36,8.5,36,0,1006.3,4.1,185
2022-03-16 16:00:00,,17.6,8.5,38,8.5,38,0,1006.3,5.3,180
2022-03-16 17:00:00,,17.4,8.2,42,8.2,42,0,1006.3,3.6,202
2022-03-16 18:00:00,,18,8.3,43,8.3,43,0,1006.5,5.1,186
2022-03-16 19:00:00,,17,7.8,46,7.8,46,0,1006.9,3.5,198
2022-03-16 20:00:00,,18.4,7.9,47,7.9,47,0,1007,3.8,197
2022-03-16 21:00:00,,18.5,8.2,47,8.2,47,0,1006.9,4.8,183
2022-03-16 22:00:00,,18.1,7.9,48,7.9,48,0,1007.1,5,181
2022-03-16 23:00:00,,17.3,7.6,50,7.6,50,0,1007.4,4.5,187
2022-03-17 00:00:00,,17,7.6,50,7.6,50,0,1007.7,3.8,190
2022-03-17 01:00:00,,16.6,7.4,51,7.4,51,0,1007.5,5.6,174
2022-03-17 02:00:00,,16.6,6.8,53,6.8,53,0,1006.8,5.4,172
2022-03-17 03:00:00,,17.1,6.8,54,6.8,54,0,1007.5,2.5,167
2022-03-17 04:00:00,,16.8,6.3,56,6.3,56,0,1006.9,4.3,180
2022-03-17 05:00:00,,16.5,6.1,58,6.1,58,0,1007.4,2.1,181
2022-03-17 06:00:00,,16,6.4,55,6.4,55,0,1007.1,4,197
2022-03-17 07:00:00,,15.3,6.3,52,6.3,52,0,1006.6,3.9,190
2022-03-17 08:00:00,,14.4,6.1,52,6.1,52,0,1006.8,3.6,194
2022-03-17 09:00:00,,14.2,5.9,51,5.9,51,0,1006.7,5.5,196
2022-03-17 10:00:00,,14.4,6.1,48,6.1,48,0,1006.1,4.1,188
2022-03-17 11:00:00,,15.1,6.6,47,6.6,47,0,1006,6.9,170
2022-03-17 12:00:00,,14.7,6.5,51,6.5,51,0,1006.1,5.3,181
2022-03-17 13:00:00,,15,6.4,55,6.4,55,0,1005.3,3.7,190
2022-03-17 14:00:00,,17.5,6.8,54,6.8,54,0,1004.1,6.1,185
2022-03-17 15:00:00,,18.1,6.1,59,6.1,59,0,1003.4,3.3,176
2022-03-17 16:00:00,8.484473,18.9,6.4,56,6.4,56,0,1002.7,5.3,167
2022-03-17 17:00:00,10.599967,19.6,6.5,56,6.5,56,0,1001.4,4.9,170
2022-03-17 18:00:00,8.953868,18.2,6.3,58,6.3,58,0,1000.5,4.6,166
2022-03-17 19:00:00,6.934704,16.8,6.4,58,6.4,58,0,999.7,5.1,177
2022-03-17 20:00:00,3.353469,18,6.4,57,6.4,57,0,998.8,6.8,180
2022-03-17 21:00:00,7.114176,16.2,5.8,56,5.8,56,0,998.9,5.4,193
2022-03-17 22:00:00,8.752096,14.9,5.5,55,5.5,55,0,999.7,5,198
2022-03-17 23:00:00,4.609637,13.9,5.1,56,5.1,56,0,1000.3,4.1,200
2022-03-18 00:00:00,3.295493,13.3,4.3,58,4.3,58,0,1000.7,2.5,211
2022-03-18 01:00:00,3.690893,13.4,5,53,5,53,0,1001.6,4.1,197
2022-03-18 02:00:00,1.859762,12.8,5.1,52,5.1,52,0,1003,4.1,193
2022-03-18 03:00:00,-0.461355,12.7,4.6,55,4.6,55,0,1004.8,2.8,206
2022-03-18 04:00:00,1.668189,13,4,70,4,70,0,1006.1,3.1,214
2022-03-18 05:00:00,-1.687119,12.8,3.9,73,3.9,73,0,1007.8,5.3,225
2022-03-18 06:00:00,-1.65407,12.3,3,78,3,78,0,1009.6,3.6,226
2022-03-18 07:00:00,0.326531,13,2.8,79,2.8,79,0,1011.1,3,209
2022-03-18 08:00:00,1.506855,12.6,2.9,77,2.9,77,0,1012.6,3.1,216
2022-03-18 09:00:00,2.040565,13.8,3.5,76,3.5,76,0,1014.1,3.9,163
2022-03-18 10:00:00,4.299577,13.1,5,67,5,67,0,1015.2,2.5,195
2022-03-18 11:00:00,2.850352,13.1,3.5,66,3.5,66,0,1017.1,7.3,234
2022-03-18 12:00:00,-0.900653,12.4,4.1,69,4.1,69,0,1018.2,5.4,213
2022-03-18 13:00:00,2.679619,12.9,5.5,62,5.5,62,0,1018.8,4.3,219
2022-03-18 14:00:00,2.45973,13.2,5.9,56,5.9,56,0,1019.3,4.7,232
2022-03-18 15:00:00,3.26636,13.2,6.4,52,6.4,52,0,1019.9,4.5,229
2022-03-18 16:00:00,1.187814,13.9,6.8,45,6.8,45,0,1020.1,4.9,225
2022-03-18 17:00:00,3.456719,14.1,6.6,45,6.6,45,0,1020.3,3.4,227
2022-03-18 18:00:00,1.51829,13.5,5.9,45,5.9,45,0,1020.7,2.3,206
2022-03-18 19:00:00,1.112851,15.2,5.7,42,5.7,42,0,1021.2,2.7,190
2022-03-18 20:00:00,4.522337,15,4.3,47,4.3,47,0,1021.4,1.5,226
2022-03-18 21:00:00,4.329551,13.1,5.1,44,5.1,44,0,1021.8,3.9,179
2022-03-18 22:00:00,4.336151,12.9,5.3,45,5.3,45,0,1021.5,4.1,179
2022-03-18 23:00:00,3.871823,13,6,45,6,45,0,1021,4.6,182
2022-03-19 00:00:00,3.840863,13,6.5,45,6.5,45,0,1020.3,4.5,180
2022-03-19 01:00:00,1.578776,13.5,6.8,46,6.8,46,0,1019.9,4.2,187
2022-03-19 02:00:00,5.67165,13.9,7.3,46,7.3,46,0,1019.9,3.8,212
2022-03-19 03:00:00,1.701159,14.3,6.6,50,6.6,50,0,1019.8,2.4,234
2022-03-19 04:00:00,3.279459,14,7.7,44,7.7,44,0,1020,3.4,213
2022-03-19 05:00:00,3.388193,14.5,7.8,50,7.8,50,0,1020.3,1.5,209
2022-03-19 06:00:00,3.834388,14.3,7.1,48,7.1,48,0,1020.2,2.1,225
2022-03-19 07:00:00,5.514001,14.4,6.9,49,6.9,49,0,1020.7,2.4,218
2022-03-19 08:00:00,4.994696,14.5,8.5,45,8.5,45,0,1021.4,2.5,208
2022-03-19 09:00:00,-0.131043,14.7,10,42,10,42,0,1021.8,3.7,192
2022-03-19 10:00:00,2.170862,15.5,12,39,12,39,0,1022.5,4.2,215
2022-03-19 11:00:00,3.448024,16.1,12.7,38,12.7,38,0,1023.2,5.1,230
2022-03-19 12:00:00,0.224849,16.9,13.6,34,13.6,34,0,1024,6,236
2022-03-19 13:00:00,4.357145,17.3,13.9,35,13.9,35,0,1024.7,4,238
2022-03-19 14:00:00,4.387732,18.4,13.8,33,13.8,33,0,1025.4,4.4,236
2022-03-19 15:00:00,2.476077,18.4,13.2,34,13.2,34,0,1025.7,2.6,216
2022-03-19 16:00:00,4.955881,17.7,12.6,36,12.6,36,0,1026,2.5,233
2022-03-19 17:00:00,3.156039,19.5,12.1,38,12.1,38,0,1026.2,1.9,263
2022-03-19 18:00:00,3.999381,19.7,9.9,46,9.9,46,0,1026.5,0.6,258
2022-03-19 19:00:00,15.516452,20.1,6.8,55,6.8,55,0,1026.9,1.1,185
2022-03-19 20:00:00,12.409204,18.4,8.5,48,8.5,48,0,1027.1,1.6,172
2022-03-19 21:00:00,10.712669,16.7,7.2,55,7.2,55,0,1027.5,2.2,194
2022-03-19 22:00:00,9.266787,15.6,5.9,56,5.9,56,0,1027.6,1.6,202
2022-03-19 23:00:00,5.643771,15.1,3.7,66,3.7,66,0,1027.5,1.4,207
2022-03-20 00:00:00,8.195994,16.1,2.7,69,2.7,69,0,1027.5,0.8,258
2022-03-20 01:00:00,7.140904,15.2,1.2,72,1.2,72,0,1027.4,1,222
2022-03-20 02:00:00,6.083814,14.5,4,61,4,61,0,1027.1,1.7,187
2022-03-20 03:00:00,2.256532,13.4,2,69,2,69,0,1026.7,0.4,76
2022-03-20 04:00:00,7.8972,12.5,0.2,73,0.2,73,0,1026.4,0.3,306
2022-03-20 05:00:00,6.107409,11.9,0.4,73,0.4,73,0,1026.3,0.7,195
2022-03-20 06:00:00,5.620584,11.7,-0.5,79,-0.5,79,0,1026.1,0.2,51
2022-03-20 07:00:00,5.56986,12.4,-0.1,82,-0.1,82,0,1026,0.3,325
2022-03-20 08:00:00,1.075472,13.5,1.2,78,1.2,78,0,1025.7,0.7,280
2022-03-20 09:00:00,7.107179,13.9,3.9,67,3.9,67,0,1025.5,0.7,198
2022-03-20 10:00:00,2.992789,14.2,5.5,61,5.5,61,0,1025,0.8,21
2022-03-20 11:00:00,4.842668,14.6,7.1,53,7.1,53,0,1024.5,1.1,3
2022-03-20 12:00:00,3.718335,14.8,7.8,53,7.8,53,0,1023.8,1.5,41
2022-03-20 13:00:00,5.297515,16,9.1,48,9.1,48,0,1023.1,1.8,28
2022-03-20 14:00:00,10.534942,16.5,10.3,47,10.3,47,0,1022.6,1.5,30
2022-03-20 15:00:00,9.11947,17.6,9.5,49,9.5,49,0,1021.5,1.2,67
2022-03-20 16:00:00,8.50558,17.7,9.9,48,9.9,48,0,1020.8,0.5,19
2022-03-20 17:00:00,10.56496,17,9.1,56,9.1,56,0,1020.1,0.4,346
2022-03-20 18:00:00,8.62066,16.7,7.3,64,7.3,64,0,1019.2,0.5,333
2022-03-20 19:00:00,9.612776,20.9,8.6,52,8.6,52,0,1018.4,1.9,172
2022-03-20 20:00:00,14.608255,19.1,11,39,11,39,0,1018.1,2.5,194
2022-03-20 21:00:00,15.868821,18.5,7.5,54,7.5,54,0,1017.9,1.3,183
2022-03-20 22:00:00,10.415218,18.4,4.9,68,4.9,68,0,1017.7,0.5,145
2022-03-20 23:00:00,13.8093,15.4,7,53,7,53,0,1017.7,2.1,210
2022-03-21 00:00:00,4.307864,13.9,4.6,61,4.6,61,0,1018.2,2.8,224
2022-03-21 01:00:00,4.51754,13.5,4.4,54,4.4,54,0,1018.5,0.8,222
2022-03-21 02:00:00,1.596452,13.2,4,56,4,56,0,1018.6,1.3,90
2022-03-21 03:00:00,7.522999,12.4,1.4,67,1.4,67,0,1018.6,0.6,170
2022-03-21 04:00:00,3.972394,12.1,0.4,72,0.4,72,0,1018.3,0.8,178
2022-03-21 05:00:00,5.276452,11.6,0.7,73,0.7,73,0,1018.4,1.9,221
2022-03-21 06:00:00,3.812481,11.7,1.3,70,1.3,70,0,1018.2,2.2,209
2022-03-21 07:00:00,3.589393,13,-0.5,75,-0.5,75,0,1018.7,0.4,62
2022-03-21 08:00:00,5.078125,13.4,2,67,2,67,0,1019,0.2,334
2022-03-21 09:00:00,7.53727,12.8,4.7,52,4.7,52,0,1019.1,0.8,227
2022-03-21 10:00:00,6.317245,12.9,6,53,6,53,0,1019.1,1.1,35
2022-03-21 11:00:00,6.541165,12.9,6.1,60,6.1,60,0,1019.1,1.8,24
2022-03-21 12:00:00,4.140401,12.9,6.9,48,6.9,48,0,1018.7,1.9,45
2022-03-21 13:00:00,6.569688,13.5,7.4,45,7.4,45,0,1018.4,2.6,22
2022-03-21 14:00:00,7.183836,13,7.7,44,7.7,44,0,1017.9,2.2,23
2022-03-21 15:00:00,8.898337,13.3,8.6,41,8.6,41,0,1017.3,2.3,38
2022-03-21 16:00:00,9.82986,14.4,8.5,45,8.5,45,0,1016.8,2.2,19
2022-03-21 17:00:00,10.446505,13.9,7.9,48,7.9,48,0,1016.4,2.2,47
2022-03-21 18:00:00,6.55327,14.1,6.3,54,6.3,54,0,1016,1.5,61
2022-03-21 19:00:00,10.856311,15.6,3.7,65,3.7,65,0,1015.8,1.4,76
2022-03-21 20:00:00,10.417329,17.6,3.3,66,3.3,66,0,1015.6,0.8,167
2022-03-21 21:00:00,15.048201,16.5,3.2,61,3.2,61,0,1015.4,0.8,172
2022-03-21 22:00:00,10.523468,15.3,1.8,58,1.8,58,0,1015.2,1.7,230
2022-03-21 23:00:00,8.973121,15.6,1.1,62,1.1,62,0,1015.1,0.6,43
2022-03-22 00:00:00,12.011724,14.1,-0.3,64,-0.3,64,0,1015.2,0.9,209
2022-03-22 01:00:00,10.360108,13.9,1.1,57,1.1,57,0,1015,1.3,206
2022-03-22 02:00:00,3.823764,13.4,0.8,56,0.8,56,0,1015,1.6,202
2022-03-22 03:00:00,7.481644,13.4,0.4,57,0.4,57,0,1014.5,1.3,201
2022-03-22 04:00:00,7.271061,13.4,0.6,55,0.6,55,0,1014.3,1.5,166
2022-03-22 05:00:00,3.463127,13.4,-1.6,64,-1.6,64,0,1014,0.6,148
2022-03-22 06:00:00,5.389014,13.6,-0.9,60,-0.9,60,0,1013.8,0.9,164
2022-03-22 07:00:00,7.330599,14.7,-2,68,-2,68,0,1014,0.6,146
2022-03-22 08:00:00,8.167699,16.4,0.1,72,0.1,72,0,1014.3,0.4,87
2022-03-22 09:00:00,12.065239,15.2,1.5,63,1.5,63,0,1014.4,0.8,200
2022-03-22 10:00:00,13.53711,15.5,2.5,62,2.5,62,0,1014.7,1.4,233
2022-03-22 11:00:00,8.731419,16.5,2.1,59,2.1,59,0,1014.8,2.1,225
2022-03-22 12:00:00,11.43593,16.3,3.8,50,3.8,50,0,1014.7,2.2,225
2022-03-22 13:00:00,15.308851,17.1,5.3,44,5.3,44,0,1014.9,2.5,217
2022-03-22 14:00:00,12.769179,16.3,5.6,47,5.6,47,0,1015,1.3,212
2022-03-22 15:00:00,12.799364,17.3,5.7,53,5.7,53,0,1015,2,213
2022-03-22 16:00:00,12.552936,16.7,5.6,55,5.6,55,0,1015,1.5,218
2022-03-22 17:00:00,10.796133,17,5.4,57,5.4,57,0,1015.1,2.1,227
2022-03-22 18:00:00,10.874321,19.2,5.1,62,5.1,62,0,1015.2,2.3,213
2022-03-22 19:00:00,10.234864,20.7,4.9,70,4.9,70,0,1015.4,2.8,223
2022-03-22 20:00:00,14.845558,22.3,4.7,73,4.7,73,0,1015.5,3.4,214
2022-03-22 21:00:00,14.863923,22.7,4.2,74,4.2,74,0,1015.8,2.4,182
2022-03-22 22:00:00,12.215166,24,3.8,77,3.8,77,0,1015.9,1.4,182
2022-03-22 23:00:00,15.594228,24.3,3.4,78,3.4,78,0,1015.7,1.4,202
2022-03-23 00:00:00,19.825815,22.1,3,79,3,79,0,1015.4,1.9,220
2022-03-23 01:00:00,14.409006,20.1,2.4,81,2.4,81,0,1015.1,1.7,219
2022-03-23 02:00:00,12.583766,18.8,2.3,80,2.3,80,0,1014.7,2.2,191
2022-03-23 03:00:00,10.151416,18.5,2.2,77,2.2,77,0,1014.6,1.7,220
2022-03-23 04:00:00,9.818917,16.7,1.9,76,1.9,76,0,1014,2.6,217
2022-03-23 05:00:00,8.545012,16.4,0.7,81,0.7,81,0,1013.8,3.3,224
2022-03-23 06:00:00,10.014337,16.2,1,76,1,76,0,1013.4,3.4,232
2022-03-23 07:00:00,6.258097,16.3,1.3,73,1.3,73,0,1013,2.8,227
2022-03-23 08:00:00,8.351218,16.8,2.1,68,2.1,68,0,1012.9,2.5,231
2022-03-23 09:00:00,14.793295,16.8,3.2,64,3.2,64,0,1012.8,2.6,220
2022-03-23 10:00:00,10.923935,17.8,6.2,53,6.2,53,0.1,1012.5,2.9,226
2022-03-23 11:00:00,11.080003,18.6,7.7,49,7.7,49,0,1012.2,1.9,239
2022-03-23 12:00:00,9.180372,18.1,9.2,40,9.2,40,0,1011.7,3.1,225
2022-03-23 13:00:00,12.386201,18.4,10,39,10,39,0,1011.3,2.7,210
2022-03-23 14:00:00,10.800459,20,8,65,8,65,0,1010.9,0.6,43
2022-03-23 15:00:00,10.8763,22.8,10.8,43,10.8,43,0,1010.1,1.6,224
2022-03-23 16:00:00,13.597686,21.7,11.8,38,11.8,38,0,1009.4,3.7,224
2022-03-23 17:00:00,13.242345,21.3,11,39,11,39,0,1008.6,2.6,198
2022-03-23 18:00:00,15.479892,17.9,10.2,37,10.2,37,0,1007.8,2.6,211
2022-03-23 19:00:00,6.938661,18.4,10.3,38,10.3,38,0,1007.6,3,212
2022-03-23 20:00:00,6.526833,19.2,10.2,41,10.2,41,0,1007.2,3.3,221
2022-03-23 21:00:00,11.435733,19.3,10.2,47,10.2,47,0,1006.8,3.2,207
2022-03-23 22:00:00,9.755347,19.7,9.3,52,9.3,52,0,1006.6,3.4,216
2022-03-23 23:00:00,11.317573,20.1,9.4,55,9.4,55,0,1006,3.4,204
2022-03-24 00:00:00,9.576066,20.7,9.5,59,9.5,59,0,1005.7,4.2,215
2022-03-24 01:00:00,9.56091,21.6,9.5,60,9.5,60,0,1005.5,2.9,194
2022-03-24 02:00:00,15.190411,24.8,9.3,60,9.3,60,0,1005.1,3.2,210
2022-03-24 03:00:00,13.533731,21.9,9.4,61,9.4,61,0,1004.7,2.9,205
2022-03-24 04:00:00,11.260759,22.1,9.2,62,9.2,62,0,1004.3,2.2,201
2022-03-24 05:00:00,11.661587,22.6,8.6,65,8.6,65,0,1004.3,2.4,204
2022-03-24 06:00:00,11.782297,22.8,8.5,65,8.5,65,0,1004.1,2.3,214
2022-03-24 07:00:00,12.496422,27.8,8.4,66,8.4,66,0,1004.1,2.3,211
2022-03-24 08:00:00,17.150801,25.9,7.9,72,7.9,72,0,1004.2,3,228
2022-03-24 09:00:00,14.380211,21.4,7.7,79,7.7,79,0,1004.6,3.3,222
2022-03-24 10:00:00,8.668149,17.6,7.1,86,7.1,86,0.4,1004.9,3.2,225
2022-03-24 11:00:00,6.882041,16.4,7.1,89,7.1,89,0.5,1005.2,3.5,224
2022-03-24 12:00:00,4.712312,14.2,7.1,88,7.1,88,0.4,1005.5,2.7,224
2022-03-24 13:00:00,3.67947,14.1,6.9,91,6.9,91,0.5,1005.8,3.4,233
2022-03-24 14:00:00,0.930492,14.6,6.7,95,6.7,95,1.1,1005.6,2.4,213
2022-03-24 15:00:00,1.846698,14.5,6.7,95,6.7,95,0.9,1005.3,2.5,206
2022-03-24 16:00:00,6.439991,14.5,7,92,7,92,1.1,1004.9,2.5,202
2022-03-24 17:00:00,3.187508,15,6.7,91,6.7,91,1.1,1004.5,2.6,202
2022-03-24 18:00:00,-0.031462,14.9,6.3,91,6.3,91,2.3,1004.2,3.3,208
2022-03-24 19:00:00,2.867716,16.5,6.4,89,6.4,89,0.9,1004.1,3.9,218
2022-03-24 20:00:00,2.56254,23.1,6.8,86,6.8,86,0.2,1003.8,3.3,212
2022-03-24 21:00:00,9.425554,28.7,6.6,86,6.6,86,0.7,1002.6,2.3,180
2022-03-24 22:00:00,13.983271,28.4,5.9,89,5.9,89,0.2,1001.9,2.8,220
2022-03-24 23:00:00,13.374745,28.8,6.6,83,6.6,83,0,1001.1,3.5,199
2022-03-25 00:00:00,11.225265,28.4,6.3,86,6.3,86,0.4,999.6,3.9,197
2022-03-25 01:00:00,13.803374,22.5,6.4,87,6.4,87,0.2,998.9,4.6,216
2022-03-25 02:00:00,8.79513,15.1,6.2,91,6.2,91,1,998.5,4.7,224
2022-03-25 03:00:00,1.39783,14.9,7.4,84,7.4,84,0.2,998.5,6.8,239
2022-03-25 04:00:00,0.114033,14.2,6.4,92,6.4,92,0.8,998.2,4.9,234
2022-03-25 05:00:00,0.106674,13.1,6.9,86,6.9,86,0.3,998.3,7.4,246
2022-03-25 06:00:00,1.43554,13.4,7.3,81,7.3,81,0,998.2,8,242
2022-03-25 07:00:00,1.11588,13.2,7.4,81,7.4,81,0,998,10.2,240
2022-03-25 08:00:00,-0.585244,12.8,6.7,86,6.7,86,0,997.9,5.8,234
2022-03-25 09:00:00,0.946758,12.8,7.1,84,7.1,84,0,997.8,6.5,236
2022-03-25 10:00:00,2.372468,12.2,7.5,78,7.5,78,0,998.1,9,246
2022-03-25 11:00:00,1.337208,12.3,7,78,7,78,0.1,998.4,9.2,256
2022-03-25 12:00:00,0.797962,13.3,6.7,72,6.7,72,0.1,999,9.5,255
2022-03-25 13:00:00,8.060304,13.6,5.5,74,5.5,74,0,1000,8.8,256
2022-03-25 14:00:00,9.094314,14.7,4.5,77,4.5,77,0,1000.1,8.4,262
2022-03-25 15:00:00,5.58701,14.8,4.1,79,4.1,79,0,999.6,8.7,248
2022-03-25 16:00:00,7.495007,14,4.4,70,4.4,70,0,999.9,9.2,251
2022-03-25 17:00:00,6.131382,14,4.2,65,4.2,65,0,1000,10,258
2022-03-25 18:00:00,5.123357,13.2,3.4,67,3.4,67,0,1000.6,9,263
2022-03-25 19:00:00,7.797959,13.9,2.6,73,2.6,73,0,1001.4,8.4,257
2022-03-25 20:00:00,7.20093,14.3,2.9,69,2.9,69,0,1002,10.5,253
2022-03-25 21:00:00,8.3875,14.3,3.1,70,3.1,70,0,1002,11.1,251
2022-03-25 22:00:00,6.383268,13,2.1,86,2.1,86,0.6,1003.8,7.5,260
2022-03-25 23:00:00,3.956469,12.9,2.8,86,2.8,86,0.6,1005.3,5.7,283
2022-03-26 00:00:00,0.62187,13.3,3,78,3,78,0.1,1006.3,4.6,305
2022-03-26 01:00:00,4.007194,13.7,3.1,66,3.1,66,0,1007.5,5.1,314
2022-03-26 02:00:00,5.402342,12.7,2.6,63,2.6,63,0,1008.6,5.2,319
2022-03-26 03:00:00,3.577283,13.1,1.9,70,1.9,70,0,1009.5,4.7,309
2022-03-26 04:00:00,4.521547,11.5,2.3,57,2.3,57,0,1009.7,4.6,306
2022-03-26 05:00:00,5.826365,12.1,2.2,57,2.2,57,0,1010.4,5.1,300
2022-03-26 06:00:00,-0.295356,12.7,1.6,66,1.6,66,0.1,1011.7,5,310
2022-03-26 07:00:00,5.479694,12.6,1.4,69,1.4,69,0,1012,4.7,309
2022-03-26 08:00:00,3.729461,13,1.1,67,1.1,67,0,1013.5,2.6,306
2022-03-26 09:00:00,2.370026,12.7,1.4,65,1.4,65,0.1,1014.1,3.7,303
2022-03-26 10:00:00,7.627764,12.9,1.5,61,1.5,61,0,1014.9,2.3,314
2022-03-26 11:00:00,5.378348,13.3,2,56,2,56,0,1015.4,3.1,311
2022-03-26 12:00:00,4.726995,13.2,2.1,52,2.1,52,0,1015.5,3,298
2022-03-26 13:00:00,9.464931,14.1,2.3,52,2.3,52,0,1015.4,3.2,288
2022-03-26 14:00:00,8.667126,14.8,2.6,52,2.6,52,0,1015.7,3.6,269
2022-03-26 15:00:00,6.934988,14.9,2.4,55,2.4,55,0,1015.8,3.1,272
2022-03-26 16:00:00,7.081546,14.8,2.2,56,2.2,56,0,1015.5,2.4,248
2022-03-26 17:00:00,10.085826,17.6,2.1,59,2.1,59,0,1015.1,1.8,219
2022-03-26 18:00:00,8.279902,18.7,2,61,2,61,0,1014.6,1.2,212
2022-03-26 19:00:00,10.751335,18.6,1.7,62,1.7,62,0,1014.2,0.9,197
2022-03-26 20:00:00,10.324742,16.7,0,86,0,86,0,1014,2.2,222
2022-03-26 21:00:00,4.269857,15.1,-0.2,91,-0.2,91,0.4,1013.6,1.7,187
2022-03-26 22:00:00,5.01782,14.2,-0.3,92,-0.3,92,0.6,1012.4,1.2,201
2022-03-26 23:00:00,0.471091,14.9,0.1,91,0.1,91,0.3,1011.7,2.2,186
2022-03-27 00:00:00,4.626657,14.6,0,90,0,90,0,1010.8,1.4,233
2022-03-27 01:00:00,1.954415,14.5,0.3,92,0.3,92,0,1009.3,1.8,182
2022-03-27 03:00:00,4.681818,14.2,0.4,92,0.4,92,0.2,1008.3,2.3,222
2022-03-27 04:00:00,-0.140688,13.6,0.5,95,0.5,95,0.4,1006.8,2.3,217
2022-03-27 05:00:00,1.076754,13,1.6,94,1.6,94,0.4,1005.4,3.1,204
2022-03-27 06:00:00,0.06231,12.8,2.7,91,2.7,91,0.6,1004.2,5.1,188
2022-03-27 07:00:00,0.079887,11.8,3.1,91,3.1,91,1,1003.3,3.5,200
2022-03-27 08:00:00,-2.481419,11.4,3.4,91,3.4,91,1.2,1001.7,4.8,210
2022-03-27 09:00:00,1.615717,12.7,4.1,92,4.1,92,0.3,1001.1,4.6,215
2022-03-27 10:00:00,2.642658,13.3,6.3,85,6.3,85,0,1000.1,6.6,225
2022-03-27 11:00:00,2.407784,15.8,7.7,77,7.7,77,0,998.8,8.2,231
2022-03-27 12:00:00,5.259244,15.1,8.5,71,8.5,71,0,998.1,6.7,241
2022-03-27 13:00:00,4.929161,18.8,8.9,65,8.9,65,0,997.2,10.5,252
2022-03-27 14:00:00,10.835563,18.9,8.7,66,8.7,66,0,997,11.1,254
2022-03-27 15:00:00,12.815742,19.7,8.8,65,8.8,65,0,996.1,11.9,251
2022-03-27 16:00:00,6.958455,20.1,8.6,66,8.6,66,0,995.6,9.8,247
2022-03-27 17:00:00,12.424576,20.7,8.3,67,8.3,67,0,994.4,10.8,250
2022-03-27 18:00:00,16.011955,16.7,7.3,78,7.3,78,0.7,993.3,11.4,246
2022-03-27 19:00:00,7.547757,15.6,6.6,84,6.6,84,1.5,992.5,9.8,244
2022-03-27 20:00:00,5.868265,16.2,7.2,81,7.2,81,0.9,991.4,8.7,248
2022-03-27 21:00:00,4.472694,15.2,7.2,82,7.2,82,1,990.5,10.3,250
2022-03-27 22:00:00,5.353395,14.1,6.9,84,6.9,84,2.3,989.9,9.4,259
2022-03-27 23:00:00,1.140134,13.9,4.6,87,4.6,87,4.7,990.5,9.3,272
2022-03-28 00:00:00,2.072873,14.9,4.2,85,4.2,85,1.9,990.2,8.1,267
2022-03-28 01:00:00,8.152375,14.3,4.2,74,4.2,74,0.2,989.7,8.4,255
2022-03-28 02:00:00,8.227908,14.6,3.4,73,3.4,73,0,989.2,9.1,259
2022-03-28 03:00:00,3.784778,13.6,2.7,75,2.7,75,0,988.9,11.3,254
2022-03-28 04:00:00,4.952423,12.5,1.4,88,1.4,88,0.8,988.6,8.2,251
2022-03-28 05:00:00,-1.380067,11.4,1.4,86,1.4,86,0.2,987.5,11.3,242
2022-03-28 06:00:00,-0.442914,11.4,1.6,85,1.6,85,0.2,986.2,10.9,241
2022-03-28 07:00:00,3.033935,11.4,1.6,87,1.6,87,0.1,984.8,10.5,237
2022-03-28 08:00:00,3.366797,12.3,1.5,93,1.5,93,1.3,985.6,7.8,243
2022-03-28 09:00:00,0.340687,12,3,81,3,81,0.7,987.3,5.2,294
2022-03-28 10:00:00,7.364178,12.5,1.4,89,1.4,89,0.4,989.1,5.6,284
2022-03-28 11:00:00,4.20393,12.2,2.8,71,2.8,71,0,991.1,4.7,312
2022-03-28 12:00:00,4.604721,13,1.5,80,1.5,80,0.1,992.5,4.4,321
2022-03-28 13:00:00,3.694274,12.4,0.9,86,0.9,86,1.2,993.4,3.5,293
2022-03-28 14:00:00,5.528022,12.8,1.5,82,1.5,82,0.3,994.6,3.5,299
2022-03-28 15:00:00,6.588044,12.8,2.6,60,2.6,60,0.1,994.6,4.9,306
2022-03-28 16:00:00,6.867892,13.2,3.4,56,3.4,56,0,995,4.8,308
2022-03-28 17:00:00,3.427427,12.4,2.6,61,2.6,61,0,994.9,3.7,313
2022-03-28 18:00:00,7.56402,11.9,-0.3,84,-0.3,84,0.2,995.2,2.4,302
2022-03-28 19:00:00,-0.080131,12.2,1.1,67,1.1,67,0,995.3,5,302
2022-03-28 20:00:00,4.476605,11.2,0.2,78,0.2,78,0.2,995.6,3.1,319
2022-03-28 21:00:00,4.875324,11.1,-0.3,83,-0.3,83,0.1,995.4,1.7,288
2022-03-28 22:00:00,3.600378,10.6,-0.9,88,-0.9,88,0.2,995.6,1.7,319
2022-03-28 23:00:00,5.123328,10.5,-0.7,79,-0.7,79,0.1,995.5,1.5,302
2022-03-29 00:00:00,0.844534,11,-0.4,76,-0.4,76,0,995.5,1.8,186
2022-03-29 01:00:00,1.555688,10.3,-1.1,82,-1.1,82,0,995.5,2.3,215
2022-03-29 02:00:00,5.808009,10.5,-1.5,86,-1.5,86,0,995.5,1.2,210
2022-03-29 03:00:00,1.317598,10.2,-1.5,88,-1.5,88,0,994.9,2,195
2022-03-29 04:00:00,3.159184,10.1,-1.1,82,-1.1,82,0,994.7,1.7,185
2022-03-29 05:00:00,0.587343,10.2,-1.7,85,-1.7,85,0,994.4,1.3,184
2022-03-29 06:00:00,-2.370751,9.99,-2.2,85,-2.2,85,0,994.4,0.8,150
2022-03-29 07:00:00,2.833825,11.2,-3.2,88,-3.2,88,0,994.6,0.3,227
2022-03-29 08:00:00,3.15254,13.5,-2.1,75,-2.1,75,0,994.7,2.1,81
2022-03-29 09:00:00,4.608589,13.6,-1,67,-1,67,0,995,2.2,72
2022-03-29 10:00:00,2.83042,12.1,-0.5,59,-0.5,59,0,995.5,2.2,70
2022-03-29 11:00:00,4.593606,12.9,-0.2,60,-0.2,60,0,995.6,2.1,44
2022-03-29 12:00:00,0.391325,13,-0.6,60,-0.6,60,0,995.8,1.9,36
2022-03-29 13:00:00,3.454834,11.6,-0.2,54,-0.2,54,0,995.9,2.2,29
2022-03-29 14:00:00,6.464776,11.6,1.2,38,1.2,38,0,995.7,1,313
2022-03-29 15:00:00,8.115734,12,0.6,39,0.6,39,0,995.9,2.9,30
2022-03-29 16:00:00,3.064156,11.6,1.3,26,1.3,26,0,995.7,2.4,26
2022-03-29 17:00:00,3.370694,11.5,1.5,29,1.5,29,0,995.6,1.9,31
2022-03-29 18:00:00,3.701266,11.3,1.3,38,1.3,38,0,995.5,1.8,46
2022-03-29 19:00:00,7.822746,10.9,0.8,32,0.8,32,0,995.5,1.6,38
2022-03-29 20:00:00,8.892993,10.4,-0.7,41,-0.7,41,0,995.4,1.6,265
2022-03-29 21:00:00,10.492756,9.39,-1.5,45,-1.5,45,0,995.6,1.5,205
2022-03-29 22:00:00,13.326152,9.35,-1.8,55,-1.8,55,0,995.8,1.5,205
2022-03-29 23:00:00,8.328078,10,-1.4,50,-1.4,50,0,995.8,1.5,261
2022-03-30 00:00:00,3.861255,9.63,-2.3,67,-2.3,67,0,995.7,2.7,214
2022-03-30 01:00:00,4.314811,9.39,-2.5,69,-2.5,69,0,995.8,2.8,214
2022-03-30 02:00:00,3.15476,9.08,-3.3,72,-3.3,72,0,995.8,2.8,218
2022-03-30 03:00:00,0.757249,9.19,-3.4,71,-3.4,71,0,995.6,2.8,199
2022-03-30 04:00:00,2.764881,8.86,-3.8,70,-3.8,70,0,995.5,3.7,217
2022-03-30 05:00:00,3.285635,8.77,-4.1,73,-4.1,73,0,995.3,3.3,219
2022-03-30 06:00:00,1.020508,8.89,-3.8,76,-3.8,76,0,995.1,3.2,194
2022-03-30 07:00:00,1.917604,9.5,-3.9,81,-3.9,81,0,995.2,3.1,231
2022-03-30 08:00:00,1.664835,11.6,-3.6,82,-3.6,82,0,995.2,3.6,219
2022-03-30 09:00:00,3.534712,13.4,-2.6,80,-2.6,80,0,995.4,3.3,233
2022-03-30 10:00:00,3.609642,12.7,-1.7,78,-1.7,78,0,995.5,2.5,219
2022-03-30 11:00:00,,12.9,-0.2,80,-0.2,80,0,995.4,2.9,186
2022-03-30 12:00:00,,12.5,0.3,74,0.3,74,0,995.4,3,253
2022-03-30 13:00:00,10.049451,12.4,1,67,1,67,0,995.3,3,282
2022-03-30 14:00:00,6.654133,12.7,1.1,68,1.1,68,0,995.1,3.6,300
2022-03-30 15:00:00,8.485516,11.9,1.7,62,1.7,62,0,995,4.3,306
2022-03-30 16:00:00,8.773504,12.6,2.4,63,2.4,63,0,995,3.7,297
2022-03-30 17:00:00,9.210817,12.6,1.3,67,1.3,67,0,994.8,3.7,283
2022-03-30 18:00:00,8.372205,12.8,1.2,74,1.2,74,0,994.9,3.8,297
2022-03-30 19:00:00,1.351075,12.8,0.5,77,0.5,77,0,994.8,2.6,284
2022-03-30 20:00:00,3.786453,12.1,0,79,0,79,0,994.9,2.7,228
2022-03-30 21:00:00,5.649765,11.9,-0.1,82,-0.1,82,0,995.2,1.3,253
2022-03-30 22:00:00,3.968243,12.1,-0.1,80,-0.1,80,0,995.3,2.4,277
2022-03-30 23:00:00,3.719174,11.7,0,76,0,76,0,995.5,2,293
2022-03-31 00:00:00,3.498967,11.2,0.1,79,0.1,79,0,995.5,3.6,281
2022-03-31 01:00:00,3.131954,10.7,-0.3,79,-0.3,79,0,995.4,2.3,276
2022-03-31 02:00:00,1.982045,11,-0.5,78,-0.5,78,0,995.7,1.9,275
2022-03-31 03:00:00,3.532866,11.1,-0.3,78,-0.3,78,0,995.8,1.2,288
2022-03-31 04:00:00,2.521754,11.4,-0.8,79,-0.8,79,0,995.8,1.5,256
2022-03-31 05:00:00,4.549444,11.2,-1.5,79,-1.5,79,0,995.9,1.6,346
2022-03-31 06:00:00,2.670715,11.1,-1.9,84,-1.9,84,0,996.1,0.5,250
2022-03-31 07:00:00,1.677548,12.8,-1.9,86,-1.9,86,0,996.5,0.9,200
2022-03-31 08:00:00,3.882638,14.4,-1.7,84,-1.7,84,0,996.8,1,223
2022-03-31 09:00:00,4.825534,14.7,-1.1,82,-1.1,82,0,997.2,1.7,222
2022-03-31 10:00:00,6.096568,13.7,-0.2,80,-0.2,80,0,997.5,2.1,236
2022-03-31 11:00:00,3.654852,13.5,1,65,1,65,0,997.9,2,291
2022-03-31 12:00:00,3.495437,12.8,1.8,60,1.8,60,0,998.2,2.3,331
2022-03-31 13:00:00,5.450136,12.5,2.4,51,2.4,51,0,998.3,2.5,330
2022-03-31 14:00:00,6.810135,13.4,2,55,2,55,0,998.4,2.3,277
2022-03-31 15:00:00,6.401368,13.3,2.5,54,2.5,54,0,998.4,2.7,325
2022-03-31 16:00:00,3.943589,14.6,0.8,68,0.8,68,0,998.6,2.7,300
2022-03-31 17:00:00,0.854743,12.2,-1.5,90,-1.5,90,1.7,998.6,2.4,84
2022-03-31 18:00:00,3.33467,12.4,-1.1,91,-1.1,91,1,998.5,2,149
2022-03-31 19:00:00,6.598993,11.3,-0.8,91,-0.8,91,0.7,998.6,0.9,289
2022-03-31 20:00:00,6.401688,12.1,-2.3,92,-2.3,92,0.5,998.8,1.3,208
2022-03-31 21:00:00,6.163672,12.1,-1.7,90,-1.7,90,0.1,999.1,2,187
2022-03-31 22:00:00,5.780882,12.2,-1.3,89,-1.3,89,0,999.5,2.8,229
2022-03-31 23:00:00,2.347001,12.3,-1.4,92,-1.4,92,0.6,999.8,2,220
2022-04-01 00:00:00,4.304302,12.6,-1.7,93,-1.7,93,0,999.9,1.6,222
2022-04-01 01:00:00,5.123526,11.5,-1.5,91,-1.5,91,0.5,1000.2,1,220
2022-04-01 02:00:00,3.995503,11.3,-1.5,92,-1.5,92,0,1000.6,0.7,215
2022-04-01 03:00:00,0.78663,10.9,-2,93,-2,93,0,1000.7,1.7,211
2022-04-01 04:00:00,3.289091,10.9,-2.1,94,-2.1,94,0,1000.8,1.2,195
2022-04-01 05:00:00,4.255643,10.3,-1.9,90,-1.9,90,0,1000.9,1.5,190
2022-04-01 06:00:00,3.148269,10.3,-2.2,88,-2.2,88,0,1001.2,1,200
2022-04-01 07:00:00,2.333934,11.1,-2.4,90,-2.4,90,0.1,1001.7,1.6,185
2022-04-01 08:00:00,2.607697,12.8,-2.5,88,-2.5,88,0,1002,1.6,216
2022-04-01 09:00:00,3.381915,12.7,-2.5,85,-2.5,85,0,1002.3,1.8,207
2022-04-01 10:00:00,5.336761,12.3,-1.6,77,-1.6,77,0,1002.5,2.6,232
2022-04-01 11:00:00,4.245494,12.5,0.8,70,0.8,70,0,1002.7,1.3,187
2022-04-01 12:00:00,5.264804,13.3,1.9,64,1.9,64,0,1002.8,1.5,210
2022-04-01 13:00:00,3.881964,12.8,1.6,67,1.6,67,0,1003,2.2,49
2022-04-01 14:00:00,4.808116,12.4,3,52,3,52,0,1002.9,1.4,59
2022-04-01 15:00:00,2.904865,12.7,2.8,48,2.8,48,0,1002.8,0.8,72
2022-04-01 16:00:00,6.533937,14.4,1.7,54,1.7,54,0,1002.6,1.9,28
2022-04-01 17:00:00,4.020366,15.2,1.4,56,1.4,56,0,1002.5,1.3,23
2022-04-01 18:00:00,3.68965,14.8,0.9,64,0.9,64,0,1002.4,1.2,69
2022-04-01 19:00:00,2.20794,15.6,1.5,65,1.5,65,0,1002.5,0.3,54
2022-04-01 20:00:00,3.723576,15.6,0.3,69,0.3,69,0,1002.8,1.1,201
2022-04-01 21:00:00,6.106332,13.8,-0.8,74,-0.8,74,0,1002.9,1.7,223
2022-04-01 22:00:00,4.313123,13.1,-0.7,78,-0.7,78,0,1002.9,2.1,188
2022-04-01 23:00:00,5.15698,12.4,-0.7,77,-0.7,77,0,1002.7,3,182
2022-04-02 00:00:00,6.423838,12.5,-1,80,-1,80,0,1002.6,2.7,186
2022-04-02 01:00:00,3.647886,12.1,-1,81,-1,81,0,1002.3,2.4,199
2022-04-02 02:00:00,1.818838,12.5,-0.7,78,-0.7,78,0,1002,3.8,188
2022-04-02 03:00:00,4.446387,12.1,-0.7,78,-0.7,78,0,1001.7,3.4,188
2022-04-02 04:00:00,1.315092,11.7,-0.6,75,-0.6,75,0,1001.2,3.6,189
2022-04-02 05:00:00,1.652481,11,-0.7,75,-0.7,75,0,1000.6,3.7,194
2022-04-02 06:00:00,3.378762,11.3,-0.9,81,-0.9,81,0,1000.2,3,195
2022-04-02 07:00:00,1.080859,11,-1.1,86,-1.1,86,0.2,999.9,3.5,198
2022-04-02 08:00:00,1.169857,12.7,-0.5,82,-0.5,82,0,999.7,3.4,188
2022-04-02 09:00:00,0.681811,13.8,-0.1,82,-0.1,82,0,999.4,4.3,206
2022-04-02 10:00:00,-0.042797,14.8,0.3,86,0.3,86,0.1,999.4,4,216
2022-04-02 11:00:00,3.890918,14.3,0.7,86,0.7,86,0.1,999.5,3.7,230
2022-04-02 12:00:00,1.106255,13.4,0.5,90,0.5,90,0.6,999.8,4,285
2022-04-02 13:00:00,0.862137,12.3,1.4,85,1.4,85,0.2,999.4,4.3,251
2022-04-02 14:00:00,3.649702,11.7,0.5,91,0.5,91,0.9,999.4,4.1,257
2022-04-02 15:00:00,2.018727,11.8,0.3,93,0.3,93,0.8,999.5,4.9,255
2022-04-02 16:00:00,1.973305,11.6,0.9,87,0.9,87,0.3,999.2,4.3,268
2022-04-02 17:00:00,4.401593,11.8,0.4,90,0.4,90,0.2,998.8,3.6,261
2022-04-02 18:00:00,0.649201,10.9,0.4,90,0.4,90,0.1,998.8,3.1,254
2022-04-02 19:00:00,3.484873,11,-0.1,94,-0.1,94,0.8,998.7,3.7,277
2022-04-02 20:00:00,-0.817288,11.2,-0.1,94,-0.1,94,0.2,998.5,2.3,215
2022-04-02 21:00:00,1.302128,11.6,-0.1,95,-0.1,95,0.1,998.2,1.5,242
2022-04-02 22:00:00,4.053095,10.8,-0.4,96,-0.4,96,1.3,997.4,2.3,194
2022-04-02 23:00:00,3.140056,10.1,-0.3,95,-0.3,95,0.3,997.1,2.5,210
2022-04-03 00:00:00,3.134807,9.99,-0.3,96,-0.3,96,0.1,996.8,2.1,223
2022-04-03 01:00:00,2.093412,10.4,-0.3,96,-0.3,96,0,996.4,3.1,224
2022-04-03 02:00:00,-0.320668,10.2,-0.4,95,-0.4,95,0,995.8,2.9,225
2022-04-03 03:00:00,1.292447,10.7,-0.2,93,-0.2,93,0,995.1,3.6,232
2022-04-03 04:00:00,0.015922,10.2,-0.4,95,-0.4,95,0.6,994.3,2.8,226
2022-04-03 05:00:00,2.994862,9.51,-0.4,96,-0.4,96,0.7,993.4,2.5,197
2022-04-03 06:00:00,2.452555,9.88,-0.5,96,-0.5,96,0.5,992.6,2.1,213
2022-04-03 07:00:00,1.689532,9.74,-0.5,97,-0.5,97,0.4,991.6,1.9,203
2022-04-03 08:00:00,0.569438,10.2,-0.4,96,-0.4,96,0.3,991.1,2.1,246
2022-04-03 09:00:00,0.544803,10.9,0,96,0,96,0.4,990.6,2.7,215
2022-04-03 10:00:00,1.807323,10.7,0.4,96,0.4,96,4.1,990.1,2.1,222
2022-04-03 11:00:00,2.174956,11.4,0.3,94,0.3,94,0.4,989.7,1.7,283
2022-04-03 12:00:00,-1.037181,11.1,0.2,92,0.2,92,0.4,989,1.9,251
2022-04-03 13:00:00,1.94132,11.5,0.4,92,0.4,92,0.6,988.6,2.4,270
2022-04-03 14:00:00,1.89415,11.5,1.1,81,1.1,81,0.1,987.8,3.6,244
2022-04-03 15:00:00,3.225979,11.1,0.6,86,0.6,86,0.1,987.5,2.3,305
2022-04-03 16:00:00,5.033638,11.4,0.1,87,0.1,87,0.5,986.8,2.2,245
2022-04-03 17:00:00,1.054394,11.7,0.1,89,0.1,89,0.2,986.2,2.5,224
2022-04-03 18:00:00,2.591751,11.4,0.4,84,0.4,84,0,985.5,2.8,237
2022-04-03 19:00:00,4.990365,10.5,-0.6,92,-0.6,92,0.8,985.1,1.3,261
2022-04-03 20:00:00,-0.329536,10.8,-0.5,86,-0.5,86,0,984.4,1.9,277
2022-04-03 21:00:00,5.860759,10.8,-0.7,88,-0.7,88,0,983.6,1.3,234
2022-04-03 22:00:00,3.554096,11,-1,93,-1,93,0.3,982.7,1.8,209
2022-04-03 23:00:00,2.360759,10.8,-1.2,94,-1.2,94,0.3,981.9,1.9,210
2022-04-04 00:00:00,0.473423,10.4,-1.3,92,-1.3,92,0.1,981,1.6,211
2022-04-04 01:00:00,1.213881,11.2,-1.3,94,-1.3,94,0.2,980.2,2,213
2022-04-04 02:00:00,2.102139,10.7,-1.5,95,-1.5,95,0.4,979.2,2.4,215
2022-04-04 03:00:00,1.85352,10.4,-1.7,95,-1.7,95,0.3,978.2,1.8,196
2022-04-04 04:00:00,0.559375,10.4,-1.9,95,-1.9,95,0.3,977.3,1.4,204
2022-04-04 05:00:00,0.616667,9.91,-1.9,94,-1.9,94,0.6,976.3,1,236
2022-04-04 06:00:00,2.060132,10.1,-2.1,95,-2.1,95,0.7,975.6,1.3,222
2022-04-04 07:00:00,3.708984,10.8,-2.5,95,-2.5,95,0.2,975,1.1,215
2022-04-04 08:00:00,2.826157,11.6,-2.2,94,-2.2,94,0.3,974.5,1.3,190
2022-04-04 09:00:00,2.21491,12.3,-1.8,92,-1.8,92,0,974.2,1.5,224
2022-04-04 10:00:00,4.029758,12.8,-1.3,91,-1.3,91,0.7,973.8,1.1,218
2022-04-04 11:00:00,3.036513,12,0.8,76,0.8,76,0,973.6,0.7,336
2022-04-04 12:00:00,3.040632,12.1,0.3,73,0.3,73,0,973.5,1.5,292
2022-04-04 13:00:00,2.189868,12.3,0.7,68,0.7,68,0,973.5,1.8,306
2022-04-04 14:00:00,2.310482,12.5,1.4,63,1.4,63,0,973.5,2.1,347
2022-04-04 15:00:00,2.84705,12.5,1.8,57,1.8,57,0,973.4,2.3,341
2022-04-04 16:00:00,3.357019,12.5,1.6,57,1.6,57,0,973.3,2.3,294
2022-04-04 17:00:00,1.284731,12.6,0.5,71,0.5,71,0,973.2,3,3
2022-04-04 18:00:00,1.419834,12.9,-1.4,86,-1.4,86,0.3,973.4,2.9,272
2022-04-04 19:00:00,2.50825,13.2,-1.8,92,-1.8,92,0.5,973.3,1.2,197
2022-04-04 20:00:00,4.351661,13.8,-1.8,92,-1.8,92,0,973.4,1.3,214
2022-04-04 21:00:00,4.489428,13.6,-2,89,-2,89,0,973.6,1.4,175
2022-04-04 22:00:00,5.884551,13.9,-2,87,-2,87,0,973.7,1.2,197
2022-04-04 23:00:00,6.771178,13.5,-3.3,87,-3.3,87,0,973.9,0.6,187
2022-04-05 00:00:00,4.540085,15.3,-4.1,90,-4.1,90,0,974,0.2,60
2022-04-05 01:00:00,8.516946,12.9,-4.6,92,-4.6,92,0,974,1.5,83
2022-04-05 02:00:00,7.250782,11.9,-5.8,91,-5.8,91,0,974.5,0.5,210
2022-04-05 03:00:00,2.040559,11.3,-4.5,90,-4.5,90,0,974.4,1.9,219
2022-04-05 04:00:00,1.546674,11.2,-4.6,91,-4.6,91,0,974.4,1.2,231
2022-04-05 05:00:00,6.994849,10.9,-3.7,82,-3.7,82,0,974.3,1.5,204
2022-04-05 06:00:00,2.302744,10,-3.4,82,-3.4,82,0,974.8,2.3,260
2022-04-05 07:00:00,4.479662,10.7,-3.5,89,-3.5,89,0,974.9,1.2,284
2022-04-05 08:00:00,2.960977,10.9,-3.5,85,-3.5,85,0,975,1.5,269
2022-04-05 09:00:00,2.18405,11.7,-2.1,71,-2.1,71,0,975.3,2.9,327
2022-04-05 10:00:00,1.541053,11.7,-1.4,66,-1.4,66,0,975.6,3.4,318
2022-04-05 11:00:00,1.532873,12.7,-0.6,64,-0.6,64,0,975.9,2.7,300
2022-04-05 12:00:00,6.044334,12,0.3,55,0.3,55,0,976,2.6,329
2022-04-05 13:00:00,3.905816,11.8,1.3,51,1.3,51,0,975.9,2.8,341
2022-04-05 14:00:00,4.448458,11.8,1.4,47,1.4,47,0,976.1,3.3,343
2022-04-05 15:00:00,5.293127,12.1,1.1,48,1.1,48,0,975.8,3.1,330
2022-04-05 16:00:00,4.589798,11.6,0.9,61,0.9,61,0,975.9,4.1,294
2022-04-05 17:00:00,6.443905,11.4,0.5,67,0.5,67,0,975.4,2.6,260
2022-04-05 18:00:00,5.814035,11.2,0.5,69,0.5,69,0,975.1,4.6,263
2022-04-05 19:00:00,5.504142,10,-1.8,91,-1.8,91,0.9,975.1,3.1,317
2022-04-05 20:00:00,2.113613,9.94,-1.7,95,-1.7,95,3.4,975,2.9,305
2022-04-05 21:00:00,3.10017,9.81,-2,96,-2,96,1.5,974.5,2.7,274
2022-04-05 22:00:00,-1.646733,10,-2,92,-2,92,0.3,974.6,2.4,297
2022-04-05 23:00:00,1.351336,10.3,-1.8,91,-1.8,91,0,974.4,1.5,292
2022-04-06 00:00:00,0.671291,10.2,-2.7,89,-2.7,89,0,974.4,1.9,200
2022-04-06 01:00:00,4.031023,10,-2.9,89,-2.9,89,0,974.7,2.5,186
2022-04-06 02:00:00,3.093659,9.91,-3,91,-3,91,0,974.4,2.6,205
2022-04-06 03:00:00,3.97805,9.91,-2.9,92,-2.9,92,0.2,974.3,2.5,211
2022-04-06 04:00:00,3.600377,9.87,-3,89,-3,89,0,974.2,2.6,214
2022-04-06 05:00:00,0.616885,9.9,-2.5,85,-2.5,85,0,973.7,4.1,173
2022-04-06 06:00:00,3.213136,9.35,-2.7,83,-2.7,83,0,973.5,4.4,182
2022-04-06 07:00:00,2.452294,10.2,-2.8,82,-2.8,82,0,973.3,4.6,186
2022-04-06 08:00:00,2.63719,11.1,-2.7,85,-2.7,85,0,973.2,1.8,214
2022-04-06 09:00:00,3.694419,11.8,-2.1,88,-2.1,88,0.1,973.1,3.4,212
2022-04-06 10:00:00,0.617706,12,-0.6,79,-0.6,79,0.1,972.7,4.3,180
2022-04-06 11:00:00,2.04249,12.1,0.4,72,0.4,72,0,972.5,4.5,215
2022-04-06 12:00:00,0.815768,11.9,1.4,68,1.4,68,0,972.4,4.2,240
2022-04-06 13:00:00,0.719927,12.7,0.9,73,0.9,73,0.1,972.4,4.1,222
2022-04-06 14:00:00,0.375323,13.1,2.6,62,2.6,62,0,972.2,4,219
2022-04-06 15:00:00,3.233722,13.7,1.8,60,1.8,60,0,972.1,3.8,227
2022-04-06 16:00:00,3.541904,14.1,2.3,56,2.3,56,0,972.1,3.6,230
2022-04-06 17:00:00,4.21994,14.7,2.6,55,2.6,55,0,971.9,3.7,231
2022-04-06 18:00:00,3.455371,14.2,2.4,54,2.4,54,0,971.4,3.2,242
2022-04-06 19:00:00,1.769897,13.2,2.2,52,2.2,52,0,971.4,3.7,242
2022-04-06 20:00:00,0.373262,13.5,1.1,59,1.1,59,0,971.3,1.4,225
2022-04-06 21:00:00,7.141792,14.1,-0.3,66,-0.3,66,0,971.5,1.5,187
2022-04-06 22:00:00,5.790959,15,-0.9,68,-0.9,68,0,971.4,1.5,168
2022-04-06 23:00:00,7.56885,14.8,-1.6,69,-1.6,69,0,971.2,1.3,152
2022-04-07 00:00:00,4.80599,11,-2.3,74,-2.3,74,0,971.2,1.8,163
2022-04-07 01:00:00,2.023753,10.1,-4.5,85,-4.5,85,0,971.2,2.3,210
2022-04-07 02:00:00,2.217293,9.82,-5,84,-5,84,0,970.9,1.7,199
2022-04-07 03:00:00,1.844784,9.35,-5.9,84,-5.9,84,0,970.9,2.5,218
2022-04-07 04:00:00,1.761285,9.27,-6.9,83,-6.9,83,0,970.8,0.5,218
2022-04-07 05:00:00,-0.525181,8.86,-6.8,86,-6.8,86,0,970.5,2,213
2022-04-07 06:00:00,1.886037,8.69,-7.5,86,-7.5,86,0,970.4,1.5,219
2022-04-07 07:00:00,1.582014,10.4,-8.4,86,-8.4,86,0,970.4,1,236
2022-04-07 08:00:00,4.195813,13.3,-7.3,82,-7.3,82,0,970.4,2.2,203
2022-04-07 09:00:00,5.387619,14.1,-5.7,75,-5.7,75,0,970.1,1.6,215
2022-04-07 10:00:00,6.306983,12.2,-3.7,68,-3.7,68,0,970,1.2,208
2022-04-07 11:00:00,7.856936,12.2,-0.9,57,-0.9,57,0,969.7,0.8,290
2022-04-07 12:00:00,17.945896,11.2,1.9,49,1.9,49,0,969.6,1.3,30
2022-04-07 13:00:00,6.036819,11.2,1.7,48,1.7,48,0,969.3,2.5,34
2022-04-07 14:00:00,9.510189,11.9,2.7,51,2.7,51,0,969.1,2.4,44
2022-04-07 15:00:00,7.04405,12.7,2.8,55,2.8,55,0,968.9,3,37
2022-04-07 16:00:00,5.544103,13.4,3.6,54,3.6,54,0,968.6,3,46
2022-04-07 17:00:00,5.182026,14.2,3.6,53,3.6,53,0,968.3,2.9,17
2022-04-07 18:00:00,3.810854,13.6,3.6,51,3.6,51,0,968,3,43
2022-04-07 19:00:00,4.228454,12.8,2.9,53,2.9,53,0,968,3.2,45
2022-04-07 20:00:00,3.968051,12.1,1.2,73,1.2,73,0,968.4,4.6,43
2022-04-07 21:00:00,2.44452,11.7,0.5,79,0.5,79,0,968.5,4.3,38
2022-04-07 22:00:00,2.205297,11,-0.3,61,-0.3,61,0,968.6,2.1,68
2022-04-07 23:00:00,4.017887,10.7,-1.8,68,-1.8,68,0,968.8,1.7,63
2022-04-08 00:00:00,2.559833,10.4,-1.9,67,-1.9,67,0,969,2,51
2022-04-08 01:00:00,-0.587615,10.4,-2.9,71,-2.9,71,0,968.9,2.5,59
2022-04-08 02:00:00,0.591965,10.6,-2.6,70,-2.6,70,0,969.2,3.3,70
2022-04-08 03:00:00,2.473661,10.3,-3.1,73,-3.1,73,0,969.4,2.9,47
2022-04-08 04:00:00,1.644754,9.57,-4.2,74,-4.2,74,0,969.5,2.7,78
2022-04-08 05:00:00,2.655237,9.59,-5.5,76,-5.5,76,0,969.9,2.7,65
2022-04-08 06:00:00,-0.87216,9.55,-5.5,76,-5.5,76,0,969.8,1.6,82
2022-04-08 07:00:00,1.52224,10.3,-5.5,77,-5.5,77,0,970,2.1,79
2022-04-08 08:00:00,4.409978,11.8,-3.6,76,-3.6,76,0,970.3,2.3,49
2022-04-08 09:00:00,4.51226,12.3,-2.7,72,-2.7,72,0,970.6,2,50
2022-04-08 10:00:00,5.331002,11.8,-1.6,65,-1.6,65,0,970.5,2.5,30
2022-04-08 11:00:00,3.501874,11.5,-0.8,57,-0.8,57,0,970.3,2,21
2022-04-08 12:00:00,6.744309,11.5,-0.2,54,-0.2,54,0,970.1,2.2,341
2022-04-08 13:00:00,3.663676,11.7,0.3,47,0.3,47,0,969.8,4.3,355
2022-04-08 14:00:00,3.601037,12.9,1,45,1,45,0,969.3,3.3,337
2022-04-08 15:00:00,5.783707,13.3,1.3,48,1.3,48,0,968.9,2.5,360
2022-04-08 16:00:00,2.720094,12.7,0,60,0,60,0,968.2,3,324
2022-04-08 17:00:00,6.021172,12.3,0.5,55,0.5,55,0,967.8,3.6,330
2022-04-08 18:00:00,4.034078,11.7,0.1,58,0.1,58,0,967.8,4,330
2022-04-08 19:00:00,1.315714,11.6,0.1,63,0.1,63,0,967.6,3.1,322
2022-04-08 20:00:00,0.977981,11.3,-0.6,79,-0.6,79,0,967,2.6,301
2022-04-08 21:00:00,2.14309,10.9,-0.8,85,-0.8,85,0.2,966.9,2.7,292
2022-04-08 22:00:00,3.166826,11,-0.8,91,-0.8,91,0.1,966.4,3,302
2022-04-08 23:00:00,2.110104,10.7,-0.8,88,-0.8,88,0.1,965.9,2.6,294
2022-04-09 00:00:00,1.779851,10.6,-0.6,89,-0.6,89,0.1,965.5,2.7,293
2022-04-09 01:00:00,3.713426,10.6,-0.5,90,-0.5,90,0,965.5,2.3,305
2022-04-09 02:00:00,4.00723,10.7,-0.6,93,-0.6,93,0.2,965.7,1.9,308
2022-04-09 03:00:00,2.238827,10.1,-0.3,89,-0.3,89,0.1,965.8,2.1,268
2022-04-09 04:00:00,2.658438,10.3,0.1,87,0.1,87,0,966,2.3,285
2022-04-09 05:00:00,-0.406358,10.5,0.3,89,0.3,89,0,966.3,2.1,289
2022-04-09 06:00:00,1.789312,10.6,0.3,89,0.3,89,0,966.7,2.1,297
2022-04-09 07:00:00,1.408751,11.2,0.6,89,0.6,89,0,967.1,2.1,289
2022-04-09 08:00:00,-0.963409,11.6,0.9,85,0.9,85,0,967.6,2.9,300
2022-04-09 09:00:00,4.215179,12.4,0.7,91,0.7,91,0,968.2,4.5,277
2022-04-09 10:00:00,2.084909,13.1,1,89,1,89,0.2,968.8,4.5,276
2022-04-09 11:00:00,1.975492,13.7,2.1,80,2.1,80,0,969.2,3.2,277
2022-04-09 12:00:00,0.52074,14.2,2.4,77,2.4,77,0,969.7,4.6,260
2022-04-09 13:00:00,6.310731,13.9,2.1,85,2.1,85,0.4,970.1,3.5,272
2022-04-09 14:00:00,2.613015,14.1,2.4,82,2.4,82,0,970.5,3.2,258
2022-04-09 15:00:00,1.600702,13.5,2.8,84,2.8,84,0,970.9,3.9,221
2022-04-09 16:00:00,1.967961,12.7,2,87,2,87,0.1,971.2,2.7,314
2022-04-09 17:00:00,3.447857,12.9,2.7,88,2.7,88,0.6,971.4,3,230
2022-04-09 18:00:00,3.707396,12,3.1,81,3.1,81,0,971.8,4,253
2022-04-09 19:00:00,3.073222,12.5,2.7,87,2.7,87,0.3,972.2,3.1,253
2022-04-09 20:00:00,2.918256,11.6,2.7,83,2.7,83,0,972.5,2.6,273
2022-04-09 21:00:00,-0.732648,11.4,1.5,91,1.5,91,0,973,3.1,219
2022-04-09 22:00:00,3.104109,11.4,1.3,93,1.3,93,0.1,973.4,2.5,228
2022-04-09 23:00:00,3.381664,11.8,1.6,92,1.6,92,0,974.1,2.3,220
2022-04-10 00:00:00,0.714801,11.6,1.6,91,1.6,91,0,974.7,1.6,215
2022-04-10 01:00:00,4.349022,11.3,1.6,90,1.6,90,0,975.3,2.6,216
2022-04-10 02:00:00,3.927933,11.4,1.7,89,1.7,89,0,975.7,2.6,232
2022-04-10 03:00:00,2.514643,11.6,1.8,89,1.8,89,0,976.2,3.2,232
2022-04-10 04:00:00,-0.382737,12.3,2.3,84,2.3,84,0,976.4,3.2,202
2022-04-10 05:00:00,-3.510248,11.4,2.2,85,2.2,85,0,976.6,4.2,232
2022-04-10 06:00:00,-0.887495,11.2,1.7,89,1.7,89,0.3,977,3.7,224
2022-04-10 07:00:00,2.327275,11.4,1.9,91,1.9,91,0.4,977.5,3.7,234
2022-04-10 08:00:00,-0.683052,11.8,2.2,89,2.2,89,0,977.7,3.8,215
2022-04-10 09:00:00,-0.257724,12,2.2,89,2.2,89,0.7,978.4,3.3,241
2022-04-10 10:00:00,1.863645,12.2,3.3,84,3.3,84,1.1,978.5,5.2,246
2022-04-10 11:00:00,1.430731,12.2,3.3,87,3.3,87,0.6,979.1,5.4,254
2022-04-10 12:00:00,5.55705,12.7,4.1,83,4.1,83,0.5,979.7,5.3,248
2022-04-10 13:00:00,4.427141,12.8,4,78,4,78,0,980.6,7.8,275
